question,label
북문 치킨집 추천해줘,restaurant
쪽문 치킨집 추천해줘,restaurant
학교 치킨집 추천해줘,restaurant
북문 근처 치킨집 추천해줘,restaurant
쪽문 근처 치킨집 추천해줘,restaurant
학교 근처 치킨집 추천해줘,restaurant
북문 근처에 치킨집 추천해줘,restaurant
쪽문 근처에 치킨집 추천해줘,restaurant
학교 근처 치킨집 추천해줘,restaurant
북문 주변 치킨집 추천해줘,restaurant
쪽문 주변 치킨집 추천해줘,restaurant
학교 주변 치킨집 추천해줘,restaurant
북문 주변에 치킨집 추천해줘,restaurant
쪽문 주변에 치킨집 추천해줘,restaurant
학교 주변에 치킨집 추천해줘,restaurant
북문 왔는데 치킨집 추천해줘,restaurant
쪽문 왔는데 치킨집 추천해줘,restaurant
학교 왔는데 치킨집 추천해줘,restaurant
북문 주위에 치킨집 추천해줘,restaurant
쪽문 주위에 치킨집 추천해줘,restaurant
학교 주위에 치킨집 추천해줘,restaurant
오늘 북문 왔는데 치킨집 추천해줘,restaurant
오늘 쪽문 왔는데 치킨집 추천해줘,restaurant
오늘 학교 왔는데 치킨집 추천해줘,restaurant
오랜만에 북문 왔는데 치킨집 추천해줘,restaurant
오랜만에 쪽문 왔는데 치킨집 추천해줘,restaurant
오랜만에 학교 왔는데 치킨집 추천해줘,restaurant
북문 치킨 맛있는 곳 추천해 줄래,restaurant
쪽문 치킨 맛있는 곳 추천해 줄래,restaurant
학교 치킨 맛있는 곳 추천해 줄래,restaurant
북문 근처 치킨 맛있는 곳 추천해 줄래,restaurant
쪽문 근처 치킨 맛있는 곳 추천해 줄래,restaurant
학교 근처 치킨 맛있는 곳 추천해 줄래,restaurant
북문 근처에 치킨 맛있는 곳 추천해 줄래,restaurant
쪽문 근처에 치킨 맛있는 곳 추천해 줄래,restaurant
학교 근처 치킨 맛있는 곳 추천해 줄래,restaurant
북문 주변 치킨 맛있는 곳 추천해 줄래,restaurant
쪽문 주변 치킨 맛있는 곳 추천해 줄래,restaurant
학교 주변 치킨 맛있는 곳 추천해 줄래,restaurant
북문 주변에 치킨 맛있는 곳 추천해 줄래,restaurant
쪽문 주변에 치킨 맛있는 곳 추천해 줄래,restaurant
학교 주변에 치킨 맛있는 곳 추천해 줄래,restaurant
북문 왔는데 치킨 맛있는 곳 추천해 줄래,restaurant
쪽문 왔는데 치킨 맛있는 곳 추천해 줄래,restaurant
학교 왔는데 치킨 맛있는 곳 추천해 줄래,restaurant
북문 주위에 치킨 맛있는 곳 추천해 줄래,restaurant
쪽문 주위에 치킨 맛있는 곳 추천해 줄래,restaurant
학교 주위에 치킨 맛있는 곳 추천해 줄래,restaurant
오늘 북문 왔는데 치킨 맛있는 곳 추천해 줄래,restaurant
오늘 쪽문 왔는데 치킨 맛있는 곳 추천해 줄래,restaurant
오늘 학교 왔는데 치킨 맛있는 곳 추천해 줄래,restaurant
오랜만에 북문 왔는데 치킨 맛있는 곳 추천해 줄래,restaurant
오랜만에 쪽문 왔는데 치킨 맛있는 곳 추천해 줄래,restaurant
오랜만에 학교 왔는데 치킨 맛있는 곳 추천해 줄래,restaurant
북문 통닭집 추천해줘,restaurant
쪽문 통닭집 추천해줘,restaurant
학교 통닭집 추천해줘,restaurant
북문 근처 통닭집 추천해줘,restaurant
쪽문 근처 통닭집 추천해줘,restaurant
학교 근처 통닭집 추천해줘,restaurant
북문 근처에 통닭집 추천해줘,restaurant
쪽문 근처에 통닭집 추천해줘,restaurant
학교 근처 통닭집 추천해줘,restaurant
북문 주변 통닭집 추천해줘,restaurant
쪽문 주변 통닭집 추천해줘,restaurant
학교 주변 통닭집 추천해줘,restaurant
북문 주변에 통닭집 추천해줘,restaurant
쪽문 주변에 통닭집 추천해줘,restaurant
학교 주변에 통닭집 추천해줘,restaurant
북문 왔는데 통닭집 추천해줘,restaurant
쪽문 왔는데 통닭집 추천해줘,restaurant
학교 왔는데 통닭집 추천해줘,restaurant
북문 주위에 통닭집 추천해줘,restaurant
쪽문 주위에 통닭집 추천해줘,restaurant
학교 주위에 통닭집 추천해줘,restaurant
오늘 북문 왔는데 통닭집 추천해줘,restaurant
오늘 쪽문 왔는데 통닭집 추천해줘,restaurant
오늘 학교 왔는데 통닭집 추천해줘,restaurant
오랜만에 북문 왔는데 통닭집 추천해줘,restaurant
오랜만에 쪽문 왔는데 통닭집 추천해줘,restaurant
오랜만에 학교 왔는데 통닭집 추천해줘,restaurant
북문 양념치킨 잘 하는 곳 추천,restaurant
쪽문 양념치킨 잘 하는 곳 추천,restaurant
학교 양념치킨 잘 하는 곳 추천,restaurant
북문 근처 양념치킨 잘 하는 곳 추천,restaurant
쪽문 근처 양념치킨 잘 하는 곳 추천,restaurant
학교 근처 양념치킨 잘 하는 곳 추천,restaurant
북문 근처에 양념치킨 잘 하는 곳 추천,restaurant
쪽문 근처에 양념치킨 잘 하는 곳 추천,restaurant
학교 근처 양념치킨 잘 하는 곳 추천,restaurant
북문 주변 양념치킨 잘 하는 곳 추천,restaurant
쪽문 주변 양념치킨 잘 하는 곳 추천,restaurant
학교 주변 양념치킨 잘 하는 곳 추천,restaurant
북문 주변에 양념치킨 잘 하는 곳 추천,restaurant
쪽문 주변에 양념치킨 잘 하는 곳 추천,restaurant
학교 주변에 양념치킨 잘 하는 곳 추천,restaurant
북문 왔는데 양념치킨 잘 하는 곳 추천,restaurant
쪽문 왔는데 양념치킨 잘 하는 곳 추천,restaurant
학교 왔는데 양념치킨 잘 하는 곳 추천,restaurant
북문 주위에 양념치킨 잘 하는 곳 추천,restaurant
쪽문 주위에 양념치킨 잘 하는 곳 추천,restaurant
학교 주위에 양념치킨 잘 하는 곳 추천,restaurant
오늘 북문 왔는데 양념치킨 잘 하는 곳 추천,restaurant
오늘 쪽문 왔는데 양념치킨 잘 하는 곳 추천,restaurant
오늘 학교 왔는데 양념치킨 잘 하는 곳 추천,restaurant
오랜만에 북문 왔는데 양념치킨 잘 하는 곳 추천,restaurant
오랜만에 쪽문 왔는데 양념치킨 잘 하는 곳 추천,restaurant
오랜만에 학교 왔는데 양념치킨 잘 하는 곳 추천,restaurant
북문 마라탕 잘 하는 곳 어디 있어,restaurant
쪽문 마라탕 잘 하는 곳 어디 있어,restaurant
학교 마라탕 잘 하는 곳 어디 있어,restaurant
북문 근처 마라탕 잘 하는 곳 어디 있어,restaurant
쪽문 근처 마라탕 잘 하는 곳 어디 있어,restaurant
학교 근처 마라탕 잘 하는 곳 어디 있어,restaurant
북문 근처에 마라탕 잘 하는 곳 어디 있어,restaurant
쪽문 근처에 마라탕 잘 하는 곳 어디 있어,restaurant
학교 근처 마라탕 잘 하는 곳 어디 있어,restaurant
북문 주변 마라탕 잘 하는 곳 어디 있어,restaurant
쪽문 주변 마라탕 잘 하는 곳 어디 있어,restaurant
학교 주변 마라탕 잘 하는 곳 어디 있어,restaurant
북문 주변에 마라탕 잘 하는 곳 어디 있어,restaurant
쪽문 주변에 마라탕 잘 하는 곳 어디 있어,restaurant
학교 주변에 마라탕 잘 하는 곳 어디 있어,restaurant
북문 왔는데 마라탕 잘 하는 곳 어디 있어,restaurant
쪽문 왔는데 마라탕 잘 하는 곳 어디 있어,restaurant
학교 왔는데 마라탕 잘 하는 곳 어디 있어,restaurant
북문 주위에 마라탕 잘 하는 곳 어디 있어,restaurant
쪽문 주위에 마라탕 잘 하는 곳 어디 있어,restaurant
학교 주위에 마라탕 잘 하는 곳 어디 있어,restaurant
오늘 북문 왔는데 마라탕 잘 하는 곳 어디 있어,restaurant
오늘 쪽문 왔는데 마라탕 잘 하는 곳 어디 있어,restaurant
오늘 학교 왔는데 마라탕 잘 하는 곳 어디 있어,restaurant
오랜만에 북문 왔는데 마라탕 잘 하는 곳 어디 있어,restaurant
오랜만에 쪽문 왔는데 마라탕 잘 하는 곳 어디 있어,restaurant
오랜만에 학교 왔는데 마라탕 잘 하는 곳 어디 있어,restaurant
북문 한식 음식점 어디,restaurant
쪽문 한식 음식점 어디,restaurant
학교 한식 음식점 어디,restaurant
북문 근처 한식 음식점 어디,restaurant
쪽문 근처 한식 음식점 어디,restaurant
학교 근처 한식 음식점 어디,restaurant
북문 근처에 한식 음식점 어디,restaurant
쪽문 근처에 한식 음식점 어디,restaurant
학교 근처 한식 음식점 어디,restaurant
북문 주변 한식 음식점 어디,restaurant
쪽문 주변 한식 음식점 어디,restaurant
학교 주변 한식 음식점 어디,restaurant
북문 주변에 한식 음식점 어디,restaurant
쪽문 주변에 한식 음식점 어디,restaurant
학교 주변에 한식 음식점 어디,restaurant
북문 왔는데 한식 음식점 어디,restaurant
쪽문 왔는데 한식 음식점 어디,restaurant
학교 왔는데 한식 음식점 어디,restaurant
북문 주위에 한식 음식점 어디,restaurant
쪽문 주위에 한식 음식점 어디,restaurant
학교 주위에 한식 음식점 어디,restaurant
오늘 북문 왔는데 한식 음식점 어디,restaurant
오늘 쪽문 왔는데 한식 음식점 어디,restaurant
오늘 학교 왔는데 한식 음식점 어디,restaurant
오랜만에 북문 왔는데 한식 음식점 어디,restaurant
오랜만에 쪽문 왔는데 한식 음식점 어디,restaurant
오랜만에 학교 왔는데 한식 음식점 어디,restaurant
북문 백반집 원조 식당 어디니,restaurant
쪽문 백반집 원조 식당 어디니,restaurant
학교 백반집 원조 식당 어디니,restaurant
북문 근처 백반집 원조 식당 어디니,restaurant
쪽문 근처 백반집 원조 식당 어디니,restaurant
학교 근처 백반집 원조 식당 어디니,restaurant
북문 근처에 백반집 원조 식당 어디니,restaurant
쪽문 근처에 백반집 원조 식당 어디니,restaurant
학교 근처 백반집 원조 식당 어디니,restaurant
북문 주변 백반집 원조 식당 어디니,restaurant
쪽문 주변 백반집 원조 식당 어디니,restaurant
학교 주변 백반집 원조 식당 어디니,restaurant
북문 주변에 백반집 원조 식당 어디니,restaurant
쪽문 주변에 백반집 원조 식당 어디니,restaurant
학교 주변에 백반집 원조 식당 어디니,restaurant
북문 왔는데 백반집 원조 식당 어디니,restaurant
쪽문 왔는데 백반집 원조 식당 어디니,restaurant
학교 왔는데 백반집 원조 식당 어디니,restaurant
북문 주위에 백반집 원조 식당 어디니,restaurant
쪽문 주위에 백반집 원조 식당 어디니,restaurant
학교 주위에 백반집 원조 식당 어디니,restaurant
오늘 북문 왔는데 백반집 원조 식당 어디니,restaurant
오늘 쪽문 왔는데 백반집 원조 식당 어디니,restaurant
오늘 학교 왔는데 백반집 원조 식당 어디니,restaurant
오랜만에 북문 왔는데 백반집 원조 식당 어디니,restaurant
오랜만에 쪽문 왔는데 백반집 원조 식당 어디니,restaurant
오랜만에 학교 왔는데 백반집 원조 식당 어디니,restaurant
북문 양식 먹고 싶은데 음식점 있니,restaurant
쪽문 양식 먹고 싶은데 음식점 있니,restaurant
학교 양식 먹고 싶은데 음식점 있니,restaurant
북문 근처 양식 먹고 싶은데 음식점 있니,restaurant
쪽문 근처 양식 먹고 싶은데 음식점 있니,restaurant
학교 근처 양식 먹고 싶은데 음식점 있니,restaurant
북문 근처에 양식 먹고 싶은데 음식점 있니,restaurant
쪽문 근처에 양식 먹고 싶은데 음식점 있니,restaurant
학교 근처 양식 먹고 싶은데 음식점 있니,restaurant
북문 주변 양식 먹고 싶은데 음식점 있니,restaurant
쪽문 주변 양식 먹고 싶은데 음식점 있니,restaurant
학교 주변 양식 먹고 싶은데 음식점 있니,restaurant
북문 주변에 양식 먹고 싶은데 음식점 있니,restaurant
쪽문 주변에 양식 먹고 싶은데 음식점 있니,restaurant
학교 주변에 양식 먹고 싶은데 음식점 있니,restaurant
북문 왔는데 양식 먹고 싶은데 음식점 있니,restaurant
쪽문 왔는데 양식 먹고 싶은데 음식점 있니,restaurant
학교 왔는데 양식 먹고 싶은데 음식점 있니,restaurant
북문 주위에 양식 먹고 싶은데 음식점 있니,restaurant
쪽문 주위에 양식 먹고 싶은데 음식점 있니,restaurant
학교 주위에 양식 먹고 싶은데 음식점 있니,restaurant
오늘 북문 왔는데 양식 먹고 싶은데 음식점 있니,restaurant
오늘 쪽문 왔는데 양식 먹고 싶은데 음식점 있니,restaurant
오늘 학교 왔는데 양식 먹고 싶은데 음식점 있니,restaurant
오랜만에 북문 왔는데 양식 먹고 싶은데 음식점 있니,restaurant
오랜만에 쪽문 왔는데 양식 먹고 싶은데 음식점 있니,restaurant
오랜만에 학교 왔는데 양식 먹고 싶은데 음식점 있니,restaurant
북문 매운탕 음식점 어디,restaurant
쪽문 매운탕 음식점 어디,restaurant
학교 매운탕 음식점 어디,restaurant
북문 근처 매운탕 음식점 어디,restaurant
쪽문 근처 매운탕 음식점 어디,restaurant
학교 근처 매운탕 음식점 어디,restaurant
북문 근처에 매운탕 음식점 어디,restaurant
쪽문 근처에 매운탕 음식점 어디,restaurant
학교 근처 매운탕 음식점 어디,restaurant
북문 주변 매운탕 음식점 어디,restaurant
쪽문 주변 매운탕 음식점 어디,restaurant
학교 주변 매운탕 음식점 어디,restaurant
북문 주변에 매운탕 음식점 어디,restaurant
쪽문 주변에 매운탕 음식점 어디,restaurant
학교 주변에 매운탕 음식점 어디,restaurant
북문 왔는데 매운탕 음식점 어디,restaurant
쪽문 왔는데 매운탕 음식점 어디,restaurant
학교 왔는데 매운탕 음식점 어디,restaurant
북문 주위에 매운탕 음식점 어디,restaurant
쪽문 주위에 매운탕 음식점 어디,restaurant
학교 주위에 매운탕 음식점 어디,restaurant
오늘 북문 왔는데 매운탕 음식점 어디,restaurant
오늘 쪽문 왔는데 매운탕 음식점 어디,restaurant
오늘 학교 왔는데 매운탕 음식점 어디,restaurant
오랜만에 북문 왔는데 매운탕 음식점 어디,restaurant
오랜만에 쪽문 왔는데 매운탕 음식점 어디,restaurant
오랜만에 학교 왔는데 매운탕 음식점 어디,restaurant
북문 만두 음식점 어디,restaurant
쪽문 만두 음식점 어디,restaurant
학교 만두 음식점 어디,restaurant
북문 근처 만두 음식점 어디,restaurant
쪽문 근처 만두 음식점 어디,restaurant
학교 근처 만두 음식점 어디,restaurant
북문 근처에 만두 음식점 어디,restaurant
쪽문 근처에 만두 음식점 어디,restaurant
학교 근처 만두 음식점 어디,restaurant
북문 주변 만두 음식점 어디,restaurant
쪽문 주변 만두 음식점 어디,restaurant
학교 주변 만두 음식점 어디,restaurant
북문 주변에 만두 음식점 어디,restaurant
쪽문 주변에 만두 음식점 어디,restaurant
학교 주변에 만두 음식점 어디,restaurant
북문 왔는데 만두 음식점 어디,restaurant
쪽문 왔는데 만두 음식점 어디,restaurant
학교 왔는데 만두 음식점 어디,restaurant
북문 주위에 만두 음식점 어디,restaurant
쪽문 주위에 만두 음식점 어디,restaurant
학교 주위에 만두 음식점 어디,restaurant
오늘 북문 왔는데 만두 음식점 어디,restaurant
오늘 쪽문 왔는데 만두 음식점 어디,restaurant
오늘 학교 왔는데 만두 음식점 어디,restaurant
오랜만에 북문 왔는데 만두 음식점 어디,restaurant
오랜만에 쪽문 왔는데 만두 음식점 어디,restaurant
오랜만에 학교 왔는데 만두 음식점 어디,restaurant
북문 찐빵 음식점 알려주세요,restaurant
쪽문 찐빵 음식점 알려주세요,restaurant
학교 찐빵 음식점 알려주세요,restaurant
북문 근처 찐빵 음식점 알려주세요,restaurant
쪽문 근처 찐빵 음식점 알려주세요,restaurant
학교 근처 찐빵 음식점 알려주세요,restaurant
북문 근처에 찐빵 음식점 알려주세요,restaurant
쪽문 근처에 찐빵 음식점 알려주세요,restaurant
학교 근처 찐빵 음식점 알려주세요,restaurant
북문 주변 찐빵 음식점 알려주세요,restaurant
쪽문 주변 찐빵 음식점 알려주세요,restaurant
학교 주변 찐빵 음식점 알려주세요,restaurant
북문 주변에 찐빵 음식점 알려주세요,restaurant
쪽문 주변에 찐빵 음식점 알려주세요,restaurant
학교 주변에 찐빵 음식점 알려주세요,restaurant
북문 왔는데 찐빵 음식점 알려주세요,restaurant
쪽문 왔는데 찐빵 음식점 알려주세요,restaurant
학교 왔는데 찐빵 음식점 알려주세요,restaurant
북문 주위에 찐빵 음식점 알려주세요,restaurant
쪽문 주위에 찐빵 음식점 알려주세요,restaurant
학교 주위에 찐빵 음식점 알려주세요,restaurant
오늘 북문 왔는데 찐빵 음식점 알려주세요,restaurant
오늘 쪽문 왔는데 찐빵 음식점 알려주세요,restaurant
오늘 학교 왔는데 찐빵 음식점 알려주세요,restaurant
오랜만에 북문 왔는데 찐빵 음식점 알려주세요,restaurant
오랜만에 쪽문 왔는데 찐빵 음식점 알려주세요,restaurant
오랜만에 학교 왔는데 찐빵 음식점 알려주세요,restaurant
북문 짬뽕 음식점 알려주세요,restaurant
쪽문 짬뽕 음식점 알려주세요,restaurant
학교 짬뽕 음식점 알려주세요,restaurant
북문 근처 짬뽕 음식점 알려주세요,restaurant
쪽문 근처 짬뽕 음식점 알려주세요,restaurant
학교 근처 짬뽕 음식점 알려주세요,restaurant
북문 근처에 짬뽕 음식점 알려주세요,restaurant
쪽문 근처에 짬뽕 음식점 알려주세요,restaurant
학교 근처 짬뽕 음식점 알려주세요,restaurant
북문 주변 짬뽕 음식점 알려주세요,restaurant
쪽문 주변 짬뽕 음식점 알려주세요,restaurant
학교 주변 짬뽕 음식점 알려주세요,restaurant
북문 주변에 짬뽕 음식점 알려주세요,restaurant
쪽문 주변에 짬뽕 음식점 알려주세요,restaurant
학교 주변에 짬뽕 음식점 알려주세요,restaurant
북문 왔는데 짬뽕 음식점 알려주세요,restaurant
쪽문 왔는데 짬뽕 음식점 알려주세요,restaurant
학교 왔는데 짬뽕 음식점 알려주세요,restaurant
북문 주위에 짬뽕 음식점 알려주세요,restaurant
쪽문 주위에 짬뽕 음식점 알려주세요,restaurant
학교 주위에 짬뽕 음식점 알려주세요,restaurant
오늘 북문 왔는데 짬뽕 음식점 알려주세요,restaurant
오늘 쪽문 왔는데 짬뽕 음식점 알려주세요,restaurant
오늘 학교 왔는데 짬뽕 음식점 알려주세요,restaurant
오랜만에 북문 왔는데 짬뽕 음식점 알려주세요,restaurant
오랜만에 쪽문 왔는데 짬뽕 음식점 알려주세요,restaurant
오랜만에 학교 왔는데 짬뽕 음식점 알려주세요,restaurant
북문 초밥 잘 하는 곳 어디 맛있니,restaurant
쪽문 초밥 잘 하는 곳 어디 맛있니,restaurant
학교 초밥 잘 하는 곳 어디 맛있니,restaurant
북문 근처 초밥 잘 하는 곳 어디 맛있니,restaurant
쪽문 근처 초밥 잘 하는 곳 어디 맛있니,restaurant
학교 근처 초밥 잘 하는 곳 어디 맛있니,restaurant
북문 근처에 초밥 잘 하는 곳 어디 맛있니,restaurant
쪽문 근처에 초밥 잘 하는 곳 어디 맛있니,restaurant
학교 근처 초밥 잘 하는 곳 어디 맛있니,restaurant
북문 주변 초밥 잘 하는 곳 어디 맛있니,restaurant
쪽문 주변 초밥 잘 하는 곳 어디 맛있니,restaurant
학교 주변 초밥 잘 하는 곳 어디 맛있니,restaurant
북문 주변에 초밥 잘 하는 곳 어디 맛있니,restaurant
쪽문 주변에 초밥 잘 하는 곳 어디 맛있니,restaurant
학교 주변에 초밥 잘 하는 곳 어디 맛있니,restaurant
북문 왔는데 초밥 잘 하는 곳 어디 맛있니,restaurant
쪽문 왔는데 초밥 잘 하는 곳 어디 맛있니,restaurant
학교 왔는데 초밥 잘 하는 곳 어디 맛있니,restaurant
북문 주위에 초밥 잘 하는 곳 어디 맛있니,restaurant
쪽문 주위에 초밥 잘 하는 곳 어디 맛있니,restaurant
학교 주위에 초밥 잘 하는 곳 어디 맛있니,restaurant
오늘 북문 왔는데 초밥 잘 하는 곳 어디 맛있니,restaurant
오늘 쪽문 왔는데 초밥 잘 하는 곳 어디 맛있니,restaurant
오늘 학교 왔는데 초밥 잘 하는 곳 어디 맛있니,restaurant
오랜만에 북문 왔는데 초밥 잘 하는 곳 어디 맛있니,restaurant
오랜만에 쪽문 왔는데 초밥 잘 하는 곳 어디 맛있니,restaurant
오랜만에 학교 왔는데 초밥 잘 하는 곳 어디 맛있니,restaurant
북문 국밥집 어디,restaurant
쪽문 국밥집 어디,restaurant
학교 국밥집 어디,restaurant
북문 근처 국밥집 어디,restaurant
쪽문 근처 국밥집 어디,restaurant
학교 근처 국밥집 어디,restaurant
북문 근처에 국밥집 어디,restaurant
쪽문 근처에 국밥집 어디,restaurant
학교 근처 국밥집 어디,restaurant
북문 주변 국밥집 어디,restaurant
쪽문 주변 국밥집 어디,restaurant
학교 주변 국밥집 어디,restaurant
북문 주변에 국밥집 어디,restaurant
쪽문 주변에 국밥집 어디,restaurant
학교 주변에 국밥집 어디,restaurant
북문 왔는데 국밥집 어디,restaurant
쪽문 왔는데 국밥집 어디,restaurant
학교 왔는데 국밥집 어디,restaurant
북문 주위에 국밥집 어디,restaurant
쪽문 주위에 국밥집 어디,restaurant
학교 주위에 국밥집 어디,restaurant
오늘 북문 왔는데 국밥집 어디,restaurant
오늘 쪽문 왔는데 국밥집 어디,restaurant
오늘 학교 왔는데 국밥집 어디,restaurant
오랜만에 북문 왔는데 국밥집 어디,restaurant
오랜만에 쪽문 왔는데 국밥집 어디,restaurant
오랜만에 학교 왔는데 국밥집 어디,restaurant
북문 국밥 먹고싶어,restaurant
쪽문 국밥 먹고싶어,restaurant
학교 국밥 먹고싶어,restaurant
북문 근처 국밥 먹고싶어,restaurant
쪽문 근처 국밥 먹고싶어,restaurant
학교 근처 국밥 먹고싶어,restaurant
북문 근처에 국밥 먹고싶어,restaurant
쪽문 근처에 국밥 먹고싶어,restaurant
학교 근처 국밥 먹고싶어,restaurant
북문 주변 국밥 먹고싶어,restaurant
쪽문 주변 국밥 먹고싶어,restaurant
학교 주변 국밥 먹고싶어,restaurant
북문 주변에 국밥 먹고싶어,restaurant
쪽문 주변에 국밥 먹고싶어,restaurant
학교 주변에 국밥 먹고싶어,restaurant
북문 왔는데 국밥 먹고싶어,restaurant
쪽문 왔는데 국밥 먹고싶어,restaurant
학교 왔는데 국밥 먹고싶어,restaurant
북문 주위에 국밥 먹고싶어,restaurant
쪽문 주위에 국밥 먹고싶어,restaurant
학교 주위에 국밥 먹고싶어,restaurant
오늘 북문 왔는데 국밥 먹고싶어,restaurant
오늘 쪽문 왔는데 국밥 먹고싶어,restaurant
오늘 학교 왔는데 국밥 먹고싶어,restaurant
오랜만에 북문 왔는데 국밥 먹고싶어,restaurant
오랜만에 쪽문 왔는데 국밥 먹고싶어,restaurant
오랜만에 학교 왔는데 국밥 먹고싶어,restaurant
북문 뜨끈하고 든든하게 국밥 먹고싶어,restaurant
쪽문 뜨끈하고 든든하게 국밥 먹고싶어,restaurant
학교 뜨끈하고 든든하게 국밥 먹고싶어,restaurant
북문 근처 뜨끈하고 든든하게 국밥 먹고싶어,restaurant
쪽문 근처 뜨끈하고 든든하게 국밥 먹고싶어,restaurant
학교 근처 뜨끈하고 든든하게 국밥 먹고싶어,restaurant
북문 근처에 뜨끈하고 든든하게 국밥 먹고싶어,restaurant
쪽문 근처에 뜨끈하고 든든하게 국밥 먹고싶어,restaurant
학교 근처 뜨끈하고 든든하게 국밥 먹고싶어,restaurant
북문 주변 뜨끈하고 든든하게 국밥 먹고싶어,restaurant
쪽문 주변 뜨끈하고 든든하게 국밥 먹고싶어,restaurant
학교 주변 뜨끈하고 든든하게 국밥 먹고싶어,restaurant
북문 주변에 뜨끈하고 든든하게 국밥 먹고싶어,restaurant
쪽문 주변에 뜨끈하고 든든하게 국밥 먹고싶어,restaurant
학교 주변에 뜨끈하고 든든하게 국밥 먹고싶어,restaurant
북문 왔는데 뜨끈하고 든든하게 국밥 먹고싶어,restaurant
쪽문 왔는데 뜨끈하고 든든하게 국밥 먹고싶어,restaurant
학교 왔는데 뜨끈하고 든든하게 국밥 먹고싶어,restaurant
북문 주위에 뜨끈하고 든든하게 국밥 먹고싶어,restaurant
쪽문 주위에 뜨끈하고 든든하게 국밥 먹고싶어,restaurant
학교 주위에 뜨끈하고 든든하게 국밥 먹고싶어,restaurant
오늘 북문 왔는데 뜨끈하고 든든하게 국밥 먹고싶어,restaurant
오늘 쪽문 왔는데 뜨끈하고 든든하게 국밥 먹고싶어,restaurant
오늘 학교 왔는데 뜨끈하고 든든하게 국밥 먹고싶어,restaurant
오랜만에 북문 왔는데 뜨끈하고 든든하게 국밥 먹고싶어,restaurant
오랜만에 쪽문 왔는데 뜨끈하고 든든하게 국밥 먹고싶어,restaurant
오랜만에 학교 왔는데 뜨끈하고 든든하게 국밥 먹고싶어,restaurant
북문 감자탕 먹고싶어,restaurant
쪽문 감자탕 먹고싶어,restaurant
학교 감자탕 먹고싶어,restaurant
북문 근처 감자탕 먹고싶어,restaurant
쪽문 근처 감자탕 먹고싶어,restaurant
학교 근처 감자탕 먹고싶어,restaurant
북문 근처에 감자탕 먹고싶어,restaurant
쪽문 근처에 감자탕 먹고싶어,restaurant
학교 근처 감자탕 먹고싶어,restaurant
북문 주변 감자탕 먹고싶어,restaurant
쪽문 주변 감자탕 먹고싶어,restaurant
학교 주변 감자탕 먹고싶어,restaurant
북문 주변에 감자탕 먹고싶어,restaurant
쪽문 주변에 감자탕 먹고싶어,restaurant
학교 주변에 감자탕 먹고싶어,restaurant
북문 왔는데 감자탕 먹고싶어,restaurant
쪽문 왔는데 감자탕 먹고싶어,restaurant
학교 왔는데 감자탕 먹고싶어,restaurant
북문 주위에 감자탕 먹고싶어,restaurant
쪽문 주위에 감자탕 먹고싶어,restaurant
학교 주위에 감자탕 먹고싶어,restaurant
오늘 북문 왔는데 감자탕 먹고싶어,restaurant
오늘 쪽문 왔는데 감자탕 먹고싶어,restaurant
오늘 학교 왔는데 감자탕 먹고싶어,restaurant
오랜만에 북문 왔는데 감자탕 먹고싶어,restaurant
오랜만에 쪽문 왔는데 감자탕 먹고싶어,restaurant
오랜만에 학교 왔는데 감자탕 먹고싶어,restaurant
북문 라면 음식점 어디,restaurant
쪽문 라면 음식점 어디,restaurant
학교 라면 음식점 어디,restaurant
북문 근처 라면 음식점 어디,restaurant
쪽문 근처 라면 음식점 어디,restaurant
학교 근처 라면 음식점 어디,restaurant
북문 근처에 라면 음식점 어디,restaurant
쪽문 근처에 라면 음식점 어디,restaurant
학교 근처 라면 음식점 어디,restaurant
북문 주변 라면 음식점 어디,restaurant
쪽문 주변 라면 음식점 어디,restaurant
학교 주변 라면 음식점 어디,restaurant
북문 주변에 라면 음식점 어디,restaurant
쪽문 주변에 라면 음식점 어디,restaurant
학교 주변에 라면 음식점 어디,restaurant
북문 왔는데 라면 음식점 어디,restaurant
쪽문 왔는데 라면 음식점 어디,restaurant
학교 왔는데 라면 음식점 어디,restaurant
북문 주위에 라면 음식점 어디,restaurant
쪽문 주위에 라면 음식점 어디,restaurant
학교 주위에 라면 음식점 어디,restaurant
오늘 북문 왔는데 라면 음식점 어디,restaurant
오늘 쪽문 왔는데 라면 음식점 어디,restaurant
오늘 학교 왔는데 라면 음식점 어디,restaurant
오랜만에 북문 왔는데 라면 음식점 어디,restaurant
오랜만에 쪽문 왔는데 라면 음식점 어디,restaurant
오랜만에 학교 왔는데 라면 음식점 어디,restaurant
북문 라멘 식당 추천 좀 해줘,restaurant
쪽문 라멘 식당 추천 좀 해줘,restaurant
학교 라멘 식당 추천 좀 해줘,restaurant
북문 근처 라멘 식당 추천 좀 해줘,restaurant
쪽문 근처 라멘 식당 추천 좀 해줘,restaurant
학교 근처 라멘 식당 추천 좀 해줘,restaurant
북문 근처에 라멘 식당 추천 좀 해줘,restaurant
쪽문 근처에 라멘 식당 추천 좀 해줘,restaurant
학교 근처 라멘 식당 추천 좀 해줘,restaurant
북문 주변 라멘 식당 추천 좀 해줘,restaurant
쪽문 주변 라멘 식당 추천 좀 해줘,restaurant
학교 주변 라멘 식당 추천 좀 해줘,restaurant
북문 주변에 라멘 식당 추천 좀 해줘,restaurant
쪽문 주변에 라멘 식당 추천 좀 해줘,restaurant
학교 주변에 라멘 식당 추천 좀 해줘,restaurant
북문 왔는데 라멘 식당 추천 좀 해줘,restaurant
쪽문 왔는데 라멘 식당 추천 좀 해줘,restaurant
학교 왔는데 라멘 식당 추천 좀 해줘,restaurant
북문 주위에 라멘 식당 추천 좀 해줘,restaurant
쪽문 주위에 라멘 식당 추천 좀 해줘,restaurant
학교 주위에 라멘 식당 추천 좀 해줘,restaurant
오늘 북문 왔는데 라멘 식당 추천 좀 해줘,restaurant
오늘 쪽문 왔는데 라멘 식당 추천 좀 해줘,restaurant
오늘 학교 왔는데 라멘 식당 추천 좀 해줘,restaurant
오랜만에 북문 왔는데 라멘 식당 추천 좀 해줘,restaurant
오랜만에 쪽문 왔는데 라멘 식당 추천 좀 해줘,restaurant
오랜만에 학교 왔는데 라멘 식당 추천 좀 해줘,restaurant
북문 일식집 알려줄래,restaurant
쪽문 일식집 알려줄래,restaurant
학교 일식집 알려줄래,restaurant
북문 근처 일식집 알려줄래,restaurant
쪽문 근처 일식집 알려줄래,restaurant
학교 근처 일식집 알려줄래,restaurant
북문 근처에 일식집 알려줄래,restaurant
쪽문 근처에 일식집 알려줄래,restaurant
학교 근처 일식집 알려줄래,restaurant
북문 주변 일식집 알려줄래,restaurant
쪽문 주변 일식집 알려줄래,restaurant
학교 주변 일식집 알려줄래,restaurant
북문 주변에 일식집 알려줄래,restaurant
쪽문 주변에 일식집 알려줄래,restaurant
학교 주변에 일식집 알려줄래,restaurant
북문 왔는데 일식집 알려줄래,restaurant
쪽문 왔는데 일식집 알려줄래,restaurant
학교 왔는데 일식집 알려줄래,restaurant
북문 주위에 일식집 알려줄래,restaurant
쪽문 주위에 일식집 알려줄래,restaurant
학교 주위에 일식집 알려줄래,restaurant
오늘 북문 왔는데 일식집 알려줄래,restaurant
오늘 쪽문 왔는데 일식집 알려줄래,restaurant
오늘 학교 왔는데 일식집 알려줄래,restaurant
오랜만에 북문 왔는데 일식집 알려줄래,restaurant
오랜만에 쪽문 왔는데 일식집 알려줄래,restaurant
오랜만에 학교 왔는데 일식집 알려줄래,restaurant
북문 스테이크 음식점 어디,restaurant
쪽문 스테이크 음식점 어디,restaurant
학교 스테이크 음식점 어디,restaurant
북문 근처 스테이크 음식점 어디,restaurant
쪽문 근처 스테이크 음식점 어디,restaurant
학교 근처 스테이크 음식점 어디,restaurant
북문 근처에 스테이크 음식점 어디,restaurant
쪽문 근처에 스테이크 음식점 어디,restaurant
학교 근처 스테이크 음식점 어디,restaurant
북문 주변 스테이크 음식점 어디,restaurant
쪽문 주변 스테이크 음식점 어디,restaurant
학교 주변 스테이크 음식점 어디,restaurant
북문 주변에 스테이크 음식점 어디,restaurant
쪽문 주변에 스테이크 음식점 어디,restaurant
학교 주변에 스테이크 음식점 어디,restaurant
북문 왔는데 스테이크 음식점 어디,restaurant
쪽문 왔는데 스테이크 음식점 어디,restaurant
학교 왔는데 스테이크 음식점 어디,restaurant
북문 주위에 스테이크 음식점 어디,restaurant
쪽문 주위에 스테이크 음식점 어디,restaurant
학교 주위에 스테이크 음식점 어디,restaurant
오늘 북문 왔는데 스테이크 음식점 어디,restaurant
오늘 쪽문 왔는데 스테이크 음식점 어디,restaurant
오늘 학교 왔는데 스테이크 음식점 어디,restaurant
오랜만에 북문 왔는데 스테이크 음식점 어디,restaurant
오랜만에 쪽문 왔는데 스테이크 음식점 어디,restaurant
오랜만에 학교 왔는데 스테이크 음식점 어디,restaurant
북문 스테이크 음식점 어디지,restaurant
쪽문 스테이크 음식점 어디지,restaurant
학교 스테이크 음식점 어디지,restaurant
북문 근처 스테이크 음식점 어디지,restaurant
쪽문 근처 스테이크 음식점 어디지,restaurant
학교 근처 스테이크 음식점 어디지,restaurant
북문 근처에 스테이크 음식점 어디지,restaurant
쪽문 근처에 스테이크 음식점 어디지,restaurant
학교 근처 스테이크 음식점 어디지,restaurant
북문 주변 스테이크 음식점 어디지,restaurant
쪽문 주변 스테이크 음식점 어디지,restaurant
학교 주변 스테이크 음식점 어디지,restaurant
북문 주변에 스테이크 음식점 어디지,restaurant
쪽문 주변에 스테이크 음식점 어디지,restaurant
학교 주변에 스테이크 음식점 어디지,restaurant
북문 왔는데 스테이크 음식점 어디지,restaurant
쪽문 왔는데 스테이크 음식점 어디지,restaurant
학교 왔는데 스테이크 음식점 어디지,restaurant
북문 주위에 스테이크 음식점 어디지,restaurant
쪽문 주위에 스테이크 음식점 어디지,restaurant
학교 주위에 스테이크 음식점 어디지,restaurant
오늘 북문 왔는데 스테이크 음식점 어디지,restaurant
오늘 쪽문 왔는데 스테이크 음식점 어디지,restaurant
오늘 학교 왔는데 스테이크 음식점 어디지,restaurant
오랜만에 북문 왔는데 스테이크 음식점 어디지,restaurant
오랜만에 쪽문 왔는데 스테이크 음식점 어디지,restaurant
오랜만에 학교 왔는데 스테이크 음식점 어디지,restaurant
북문 알리오올리오 음식점 어디,restaurant
쪽문 알리오올리오 음식점 어디,restaurant
학교 알리오올리오 음식점 어디,restaurant
북문 근처 알리오올리오 음식점 어디,restaurant
쪽문 근처 알리오올리오 음식점 어디,restaurant
학교 근처 알리오올리오 음식점 어디,restaurant
북문 근처에 알리오올리오 음식점 어디,restaurant
쪽문 근처에 알리오올리오 음식점 어디,restaurant
학교 근처 알리오올리오 음식점 어디,restaurant
북문 주변 알리오올리오 음식점 어디,restaurant
쪽문 주변 알리오올리오 음식점 어디,restaurant
학교 주변 알리오올리오 음식점 어디,restaurant
북문 주변에 알리오올리오 음식점 어디,restaurant
쪽문 주변에 알리오올리오 음식점 어디,restaurant
학교 주변에 알리오올리오 음식점 어디,restaurant
북문 왔는데 알리오올리오 음식점 어디,restaurant
쪽문 왔는데 알리오올리오 음식점 어디,restaurant
학교 왔는데 알리오올리오 음식점 어디,restaurant
북문 주위에 알리오올리오 음식점 어디,restaurant
쪽문 주위에 알리오올리오 음식점 어디,restaurant
학교 주위에 알리오올리오 음식점 어디,restaurant
오늘 북문 왔는데 알리오올리오 음식점 어디,restaurant
오늘 쪽문 왔는데 알리오올리오 음식점 어디,restaurant
오늘 학교 왔는데 알리오올리오 음식점 어디,restaurant
오랜만에 북문 왔는데 알리오올리오 음식점 어디,restaurant
오랜만에 쪽문 왔는데 알리오올리오 음식점 어디,restaurant
오랜만에 학교 왔는데 알리오올리오 음식점 어디,restaurant
북문 파스타 음식점 추천해주겠니,restaurant
쪽문 파스타 음식점 추천해주겠니,restaurant
학교 파스타 음식점 추천해주겠니,restaurant
북문 근처 파스타 음식점 추천해주겠니,restaurant
쪽문 근처 파스타 음식점 추천해주겠니,restaurant
학교 근처 파스타 음식점 추천해주겠니,restaurant
북문 근처에 파스타 음식점 추천해주겠니,restaurant
쪽문 근처에 파스타 음식점 추천해주겠니,restaurant
학교 근처 파스타 음식점 추천해주겠니,restaurant
북문 주변 파스타 음식점 추천해주겠니,restaurant
쪽문 주변 파스타 음식점 추천해주겠니,restaurant
학교 주변 파스타 음식점 추천해주겠니,restaurant
북문 주변에 파스타 음식점 추천해주겠니,restaurant
쪽문 주변에 파스타 음식점 추천해주겠니,restaurant
학교 주변에 파스타 음식점 추천해주겠니,restaurant
북문 왔는데 파스타 음식점 추천해주겠니,restaurant
쪽문 왔는데 파스타 음식점 추천해주겠니,restaurant
학교 왔는데 파스타 음식점 추천해주겠니,restaurant
북문 주위에 파스타 음식점 추천해주겠니,restaurant
쪽문 주위에 파스타 음식점 추천해주겠니,restaurant
학교 주위에 파스타 음식점 추천해주겠니,restaurant
오늘 북문 왔는데 파스타 음식점 추천해주겠니,restaurant
오늘 쪽문 왔는데 파스타 음식점 추천해주겠니,restaurant
오늘 학교 왔는데 파스타 음식점 추천해주겠니,restaurant
오랜만에 북문 왔는데 파스타 음식점 추천해주겠니,restaurant
오랜만에 쪽문 왔는데 파스타 음식점 추천해주겠니,restaurant
오랜만에 학교 왔는데 파스타 음식점 추천해주겠니,restaurant
북문 파스타 잘 하는 곳 있니,restaurant
쪽문 파스타 잘 하는 곳 있니,restaurant
학교 파스타 잘 하는 곳 있니,restaurant
북문 근처 파스타 잘 하는 곳 있니,restaurant
쪽문 근처 파스타 잘 하는 곳 있니,restaurant
학교 근처 파스타 잘 하는 곳 있니,restaurant
북문 근처에 파스타 잘 하는 곳 있니,restaurant
쪽문 근처에 파스타 잘 하는 곳 있니,restaurant
학교 근처 파스타 잘 하는 곳 있니,restaurant
북문 주변 파스타 잘 하는 곳 있니,restaurant
쪽문 주변 파스타 잘 하는 곳 있니,restaurant
학교 주변 파스타 잘 하는 곳 있니,restaurant
북문 주변에 파스타 잘 하는 곳 있니,restaurant
쪽문 주변에 파스타 잘 하는 곳 있니,restaurant
학교 주변에 파스타 잘 하는 곳 있니,restaurant
북문 왔는데 파스타 잘 하는 곳 있니,restaurant
쪽문 왔는데 파스타 잘 하는 곳 있니,restaurant
학교 왔는데 파스타 잘 하는 곳 있니,restaurant
북문 주위에 파스타 잘 하는 곳 있니,restaurant
쪽문 주위에 파스타 잘 하는 곳 있니,restaurant
학교 주위에 파스타 잘 하는 곳 있니,restaurant
오늘 북문 왔는데 파스타 잘 하는 곳 있니,restaurant
오늘 쪽문 왔는데 파스타 잘 하는 곳 있니,restaurant
오늘 학교 왔는데 파스타 잘 하는 곳 있니,restaurant
오랜만에 북문 왔는데 파스타 잘 하는 곳 있니,restaurant
오랜만에 쪽문 왔는데 파스타 잘 하는 곳 있니,restaurant
오랜만에 학교 왔는데 파스타 잘 하는 곳 있니,restaurant
북문 족발 음식점 어디,restaurant
쪽문 족발 음식점 어디,restaurant
학교 족발 음식점 어디,restaurant
북문 근처 족발 음식점 어디,restaurant
쪽문 근처 족발 음식점 어디,restaurant
학교 근처 족발 음식점 어디,restaurant
북문 근처에 족발 음식점 어디,restaurant
쪽문 근처에 족발 음식점 어디,restaurant
학교 근처 족발 음식점 어디,restaurant
북문 주변 족발 음식점 어디,restaurant
쪽문 주변 족발 음식점 어디,restaurant
학교 주변 족발 음식점 어디,restaurant
북문 주변에 족발 음식점 어디,restaurant
쪽문 주변에 족발 음식점 어디,restaurant
학교 주변에 족발 음식점 어디,restaurant
북문 왔는데 족발 음식점 어디,restaurant
쪽문 왔는데 족발 음식점 어디,restaurant
학교 왔는데 족발 음식점 어디,restaurant
북문 주위에 족발 음식점 어디,restaurant
쪽문 주위에 족발 음식점 어디,restaurant
학교 주위에 족발 음식점 어디,restaurant
오늘 북문 왔는데 족발 음식점 어디,restaurant
오늘 쪽문 왔는데 족발 음식점 어디,restaurant
오늘 학교 왔는데 족발 음식점 어디,restaurant
오랜만에 북문 왔는데 족발 음식점 어디,restaurant
오랜만에 쪽문 왔는데 족발 음식점 어디,restaurant
오랜만에 학교 왔는데 족발 음식점 어디,restaurant
북문 양식집 음식점 추천해 줄래,restaurant
쪽문 양식집 음식점 추천해 줄래,restaurant
학교 양식집 음식점 추천해 줄래,restaurant
북문 근처 양식집 음식점 추천해 줄래,restaurant
쪽문 근처 양식집 음식점 추천해 줄래,restaurant
학교 근처 양식집 음식점 추천해 줄래,restaurant
북문 근처에 양식집 음식점 추천해 줄래,restaurant
쪽문 근처에 양식집 음식점 추천해 줄래,restaurant
학교 근처 양식집 음식점 추천해 줄래,restaurant
북문 주변 양식집 음식점 추천해 줄래,restaurant
쪽문 주변 양식집 음식점 추천해 줄래,restaurant
학교 주변 양식집 음식점 추천해 줄래,restaurant
북문 주변에 양식집 음식점 추천해 줄래,restaurant
쪽문 주변에 양식집 음식점 추천해 줄래,restaurant
학교 주변에 양식집 음식점 추천해 줄래,restaurant
북문 왔는데 양식집 음식점 추천해 줄래,restaurant
쪽문 왔는데 양식집 음식점 추천해 줄래,restaurant
학교 왔는데 양식집 음식점 추천해 줄래,restaurant
북문 주위에 양식집 음식점 추천해 줄래,restaurant
쪽문 주위에 양식집 음식점 추천해 줄래,restaurant
학교 주위에 양식집 음식점 추천해 줄래,restaurant
오늘 북문 왔는데 양식집 음식점 추천해 줄래,restaurant
오늘 쪽문 왔는데 양식집 음식점 추천해 줄래,restaurant
오늘 학교 왔는데 양식집 음식점 추천해 줄래,restaurant
오랜만에 북문 왔는데 양식집 음식점 추천해 줄래,restaurant
오랜만에 쪽문 왔는데 양식집 음식점 추천해 줄래,restaurant
오랜만에 학교 왔는데 양식집 음식점 추천해 줄래,restaurant
북문 일식집 추천해줘,restaurant
쪽문 일식집 추천해줘,restaurant
학교 일식집 추천해줘,restaurant
북문 근처 일식집 추천해줘,restaurant
쪽문 근처 일식집 추천해줘,restaurant
학교 근처 일식집 추천해줘,restaurant
북문 근처에 일식집 추천해줘,restaurant
쪽문 근처에 일식집 추천해줘,restaurant
학교 근처 일식집 추천해줘,restaurant
북문 주변 일식집 추천해줘,restaurant
쪽문 주변 일식집 추천해줘,restaurant
학교 주변 일식집 추천해줘,restaurant
북문 주변에 일식집 추천해줘,restaurant
쪽문 주변에 일식집 추천해줘,restaurant
학교 주변에 일식집 추천해줘,restaurant
북문 왔는데 일식집 추천해줘,restaurant
쪽문 왔는데 일식집 추천해줘,restaurant
학교 왔는데 일식집 추천해줘,restaurant
북문 주위에 일식집 추천해줘,restaurant
쪽문 주위에 일식집 추천해줘,restaurant
학교 주위에 일식집 추천해줘,restaurant
오늘 북문 왔는데 일식집 추천해줘,restaurant
오늘 쪽문 왔는데 일식집 추천해줘,restaurant
오늘 학교 왔는데 일식집 추천해줘,restaurant
오랜만에 북문 왔는데 일식집 추천해줘,restaurant
오랜만에 쪽문 왔는데 일식집 추천해줘,restaurant
오랜만에 학교 왔는데 일식집 추천해줘,restaurant
북문 떡볶이 음식점 어디,restaurant
쪽문 떡볶이 음식점 어디,restaurant
학교 떡볶이 음식점 어디,restaurant
북문 근처 떡볶이 음식점 어디,restaurant
쪽문 근처 떡볶이 음식점 어디,restaurant
학교 근처 떡볶이 음식점 어디,restaurant
북문 근처에 떡볶이 음식점 어디,restaurant
쪽문 근처에 떡볶이 음식점 어디,restaurant
학교 근처 떡볶이 음식점 어디,restaurant
북문 주변 떡볶이 음식점 어디,restaurant
쪽문 주변 떡볶이 음식점 어디,restaurant
학교 주변 떡볶이 음식점 어디,restaurant
북문 주변에 떡볶이 음식점 어디,restaurant
쪽문 주변에 떡볶이 음식점 어디,restaurant
학교 주변에 떡볶이 음식점 어디,restaurant
북문 왔는데 떡볶이 음식점 어디,restaurant
쪽문 왔는데 떡볶이 음식점 어디,restaurant
학교 왔는데 떡볶이 음식점 어디,restaurant
북문 주위에 떡볶이 음식점 어디,restaurant
쪽문 주위에 떡볶이 음식점 어디,restaurant
학교 주위에 떡볶이 음식점 어디,restaurant
오늘 북문 왔는데 떡볶이 음식점 어디,restaurant
오늘 쪽문 왔는데 떡볶이 음식점 어디,restaurant
오늘 학교 왔는데 떡볶이 음식점 어디,restaurant
오랜만에 북문 왔는데 떡볶이 음식점 어디,restaurant
오랜만에 쪽문 왔는데 떡볶이 음식점 어디,restaurant
오랜만에 학교 왔는데 떡볶이 음식점 어디,restaurant
북문 돈까스 먹고싶다,restaurant
쪽문 돈까스 먹고싶다,restaurant
학교 돈까스 먹고싶다,restaurant
북문 근처 돈까스 먹고싶다,restaurant
쪽문 근처 돈까스 먹고싶다,restaurant
학교 근처 돈까스 먹고싶다,restaurant
북문 근처에 돈까스 먹고싶다,restaurant
쪽문 근처에 돈까스 먹고싶다,restaurant
학교 근처 돈까스 먹고싶다,restaurant
북문 주변 돈까스 먹고싶다,restaurant
쪽문 주변 돈까스 먹고싶다,restaurant
학교 주변 돈까스 먹고싶다,restaurant
북문 주변에 돈까스 먹고싶다,restaurant
쪽문 주변에 돈까스 먹고싶다,restaurant
학교 주변에 돈까스 먹고싶다,restaurant
북문 왔는데 돈까스 먹고싶다,restaurant
쪽문 왔는데 돈까스 먹고싶다,restaurant
학교 왔는데 돈까스 먹고싶다,restaurant
북문 주위에 돈까스 먹고싶다,restaurant
쪽문 주위에 돈까스 먹고싶다,restaurant
학교 주위에 돈까스 먹고싶다,restaurant
오늘 북문 왔는데 돈까스 먹고싶다,restaurant
오늘 쪽문 왔는데 돈까스 먹고싶다,restaurant
오늘 학교 왔는데 돈까스 먹고싶다,restaurant
오랜만에 북문 왔는데 돈까스 먹고싶다,restaurant
오랜만에 쪽문 왔는데 돈까스 먹고싶다,restaurant
오랜만에 학교 왔는데 돈까스 먹고싶다,restaurant
북문 중식 음식점 어디,restaurant
쪽문 중식 음식점 어디,restaurant
학교 중식 음식점 어디,restaurant
북문 근처 중식 음식점 어디,restaurant
쪽문 근처 중식 음식점 어디,restaurant
학교 근처 중식 음식점 어디,restaurant
북문 근처에 중식 음식점 어디,restaurant
쪽문 근처에 중식 음식점 어디,restaurant
학교 근처 중식 음식점 어디,restaurant
북문 주변 중식 음식점 어디,restaurant
쪽문 주변 중식 음식점 어디,restaurant
학교 주변 중식 음식점 어디,restaurant
북문 주변에 중식 음식점 어디,restaurant
쪽문 주변에 중식 음식점 어디,restaurant
학교 주변에 중식 음식점 어디,restaurant
북문 왔는데 중식 음식점 어디,restaurant
쪽문 왔는데 중식 음식점 어디,restaurant
학교 왔는데 중식 음식점 어디,restaurant
북문 주위에 중식 음식점 어디,restaurant
쪽문 주위에 중식 음식점 어디,restaurant
학교 주위에 중식 음식점 어디,restaurant
오늘 북문 왔는데 중식 음식점 어디,restaurant
오늘 쪽문 왔는데 중식 음식점 어디,restaurant
오늘 학교 왔는데 중식 음식점 어디,restaurant
오랜만에 북문 왔는데 중식 음식점 어디,restaurant
오랜만에 쪽문 왔는데 중식 음식점 어디,restaurant
오랜만에 학교 왔는데 중식 음식점 어디,restaurant
북문 케익 빵집 추천해줘,restaurant
쪽문 케익 빵집 추천해줘,restaurant
학교 케익 빵집 추천해줘,restaurant
북문 근처 케익 빵집 추천해줘,restaurant
쪽문 근처 케익 빵집 추천해줘,restaurant
학교 근처 케익 빵집 추천해줘,restaurant
북문 근처에 케익 빵집 추천해줘,restaurant
쪽문 근처에 케익 빵집 추천해줘,restaurant
학교 근처 케익 빵집 추천해줘,restaurant
북문 주변 케익 빵집 추천해줘,restaurant
쪽문 주변 케익 빵집 추천해줘,restaurant
학교 주변 케익 빵집 추천해줘,restaurant
북문 주변에 케익 빵집 추천해줘,restaurant
쪽문 주변에 케익 빵집 추천해줘,restaurant
학교 주변에 케익 빵집 추천해줘,restaurant
북문 왔는데 케익 빵집 추천해줘,restaurant
쪽문 왔는데 케익 빵집 추천해줘,restaurant
학교 왔는데 케익 빵집 추천해줘,restaurant
북문 주위에 케익 빵집 추천해줘,restaurant
쪽문 주위에 케익 빵집 추천해줘,restaurant
학교 주위에 케익 빵집 추천해줘,restaurant
오늘 북문 왔는데 케익 빵집 추천해줘,restaurant
오늘 쪽문 왔는데 케익 빵집 추천해줘,restaurant
오늘 학교 왔는데 케익 빵집 추천해줘,restaurant
오랜만에 북문 왔는데 케익 빵집 추천해줘,restaurant
오랜만에 쪽문 왔는데 케익 빵집 추천해줘,restaurant
오랜만에 학교 왔는데 케익 빵집 추천해줘,restaurant
북문 분식 음식점 어디,restaurant
쪽문 분식 음식점 어디,restaurant
학교 분식 음식점 어디,restaurant
북문 근처 분식 음식점 어디,restaurant
쪽문 근처 분식 음식점 어디,restaurant
학교 근처 분식 음식점 어디,restaurant
북문 근처에 분식 음식점 어디,restaurant
쪽문 근처에 분식 음식점 어디,restaurant
학교 근처 분식 음식점 어디,restaurant
북문 주변 분식 음식점 어디,restaurant
쪽문 주변 분식 음식점 어디,restaurant
학교 주변 분식 음식점 어디,restaurant
북문 주변에 분식 음식점 어디,restaurant
쪽문 주변에 분식 음식점 어디,restaurant
학교 주변에 분식 음식점 어디,restaurant
북문 왔는데 분식 음식점 어디,restaurant
쪽문 왔는데 분식 음식점 어디,restaurant
학교 왔는데 분식 음식점 어디,restaurant
북문 주위에 분식 음식점 어디,restaurant
쪽문 주위에 분식 음식점 어디,restaurant
학교 주위에 분식 음식점 어디,restaurant
오늘 북문 왔는데 분식 음식점 어디,restaurant
오늘 쪽문 왔는데 분식 음식점 어디,restaurant
오늘 학교 왔는데 분식 음식점 어디,restaurant
오랜만에 북문 왔는데 분식 음식점 어디,restaurant
오랜만에 쪽문 왔는데 분식 음식점 어디,restaurant
오랜만에 학교 왔는데 분식 음식점 어디,restaurant
북문 브런치 명가 알려주세요,restaurant
쪽문 브런치 명가 알려주세요,restaurant
학교 브런치 명가 알려주세요,restaurant
북문 근처 브런치 명가 알려주세요,restaurant
쪽문 근처 브런치 명가 알려주세요,restaurant
학교 근처 브런치 명가 알려주세요,restaurant
북문 근처에 브런치 명가 알려주세요,restaurant
쪽문 근처에 브런치 명가 알려주세요,restaurant
학교 근처 브런치 명가 알려주세요,restaurant
북문 주변 브런치 명가 알려주세요,restaurant
쪽문 주변 브런치 명가 알려주세요,restaurant
학교 주변 브런치 명가 알려주세요,restaurant
북문 주변에 브런치 명가 알려주세요,restaurant
쪽문 주변에 브런치 명가 알려주세요,restaurant
학교 주변에 브런치 명가 알려주세요,restaurant
북문 왔는데 브런치 명가 알려주세요,restaurant
쪽문 왔는데 브런치 명가 알려주세요,restaurant
학교 왔는데 브런치 명가 알려주세요,restaurant
북문 주위에 브런치 명가 알려주세요,restaurant
쪽문 주위에 브런치 명가 알려주세요,restaurant
학교 주위에 브런치 명가 알려주세요,restaurant
오늘 북문 왔는데 브런치 명가 알려주세요,restaurant
오늘 쪽문 왔는데 브런치 명가 알려주세요,restaurant
오늘 학교 왔는데 브런치 명가 알려주세요,restaurant
오랜만에 북문 왔는데 브런치 명가 알려주세요,restaurant
오랜만에 쪽문 왔는데 브런치 명가 알려주세요,restaurant
오랜만에 학교 왔는데 브런치 명가 알려주세요,restaurant
북문 짬뽕집 어디,restaurant
쪽문 짬뽕집 어디,restaurant
학교 짬뽕집 어디,restaurant
북문 근처 짬뽕집 어디,restaurant
쪽문 근처 짬뽕집 어디,restaurant
학교 근처 짬뽕집 어디,restaurant
북문 근처에 짬뽕집 어디,restaurant
쪽문 근처에 짬뽕집 어디,restaurant
학교 근처 짬뽕집 어디,restaurant
북문 주변 짬뽕집 어디,restaurant
쪽문 주변 짬뽕집 어디,restaurant
학교 주변 짬뽕집 어디,restaurant
북문 주변에 짬뽕집 어디,restaurant
쪽문 주변에 짬뽕집 어디,restaurant
학교 주변에 짬뽕집 어디,restaurant
북문 왔는데 짬뽕집 어디,restaurant
쪽문 왔는데 짬뽕집 어디,restaurant
학교 왔는데 짬뽕집 어디,restaurant
북문 주위에 짬뽕집 어디,restaurant
쪽문 주위에 짬뽕집 어디,restaurant
학교 주위에 짬뽕집 어디,restaurant
오늘 북문 왔는데 짬뽕집 어디,restaurant
오늘 쪽문 왔는데 짬뽕집 어디,restaurant
오늘 학교 왔는데 짬뽕집 어디,restaurant
오랜만에 북문 왔는데 짬뽕집 어디,restaurant
오랜만에 쪽문 왔는데 짬뽕집 어디,restaurant
오랜만에 학교 왔는데 짬뽕집 어디,restaurant
북문 분식점 추천,restaurant
쪽문 분식점 추천,restaurant
학교 분식점 추천,restaurant
북문 근처 분식점 추천,restaurant
쪽문 근처 분식점 추천,restaurant
학교 근처 분식점 추천,restaurant
북문 근처에 분식점 추천,restaurant
쪽문 근처에 분식점 추천,restaurant
학교 근처 분식점 추천,restaurant
북문 주변 분식점 추천,restaurant
쪽문 주변 분식점 추천,restaurant
학교 주변 분식점 추천,restaurant
북문 주변에 분식점 추천,restaurant
쪽문 주변에 분식점 추천,restaurant
학교 주변에 분식점 추천,restaurant
북문 왔는데 분식점 추천,restaurant
쪽문 왔는데 분식점 추천,restaurant
학교 왔는데 분식점 추천,restaurant
북문 주위에 분식점 추천,restaurant
쪽문 주위에 분식점 추천,restaurant
학교 주위에 분식점 추천,restaurant
오늘 북문 왔는데 분식점 추천,restaurant
오늘 쪽문 왔는데 분식점 추천,restaurant
오늘 학교 왔는데 분식점 추천,restaurant
오랜만에 북문 왔는데 분식점 추천,restaurant
오랜만에 쪽문 왔는데 분식점 추천,restaurant
오랜만에 학교 왔는데 분식점 추천,restaurant
북문 스테이크 추천,restaurant
쪽문 스테이크 추천,restaurant
학교 스테이크 추천,restaurant
북문 근처 스테이크 추천,restaurant
쪽문 근처 스테이크 추천,restaurant
학교 근처 스테이크 추천,restaurant
북문 근처에 스테이크 추천,restaurant
쪽문 근처에 스테이크 추천,restaurant
학교 근처 스테이크 추천,restaurant
북문 주변 스테이크 추천,restaurant
쪽문 주변 스테이크 추천,restaurant
학교 주변 스테이크 추천,restaurant
북문 주변에 스테이크 추천,restaurant
쪽문 주변에 스테이크 추천,restaurant
학교 주변에 스테이크 추천,restaurant
북문 왔는데 스테이크 추천,restaurant
쪽문 왔는데 스테이크 추천,restaurant
학교 왔는데 스테이크 추천,restaurant
북문 주위에 스테이크 추천,restaurant
쪽문 주위에 스테이크 추천,restaurant
학교 주위에 스테이크 추천,restaurant
오늘 북문 왔는데 스테이크 추천,restaurant
오늘 쪽문 왔는데 스테이크 추천,restaurant
오늘 학교 왔는데 스테이크 추천,restaurant
오랜만에 북문 왔는데 스테이크 추천,restaurant
오랜만에 쪽문 왔는데 스테이크 추천,restaurant
오랜만에 학교 왔는데 스테이크 추천,restaurant
북문 와플 분식점 어디지,restaurant
쪽문 와플 분식점 어디지,restaurant
학교 와플 분식점 어디지,restaurant
북문 근처 와플 분식점 어디지,restaurant
쪽문 근처 와플 분식점 어디지,restaurant
학교 근처 와플 분식점 어디지,restaurant
북문 근처에 와플 분식점 어디지,restaurant
쪽문 근처에 와플 분식점 어디지,restaurant
학교 근처 와플 분식점 어디지,restaurant
북문 주변 와플 분식점 어디지,restaurant
쪽문 주변 와플 분식점 어디지,restaurant
학교 주변 와플 분식점 어디지,restaurant
북문 주변에 와플 분식점 어디지,restaurant
쪽문 주변에 와플 분식점 어디지,restaurant
학교 주변에 와플 분식점 어디지,restaurant
북문 왔는데 와플 분식점 어디지,restaurant
쪽문 왔는데 와플 분식점 어디지,restaurant
학교 왔는데 와플 분식점 어디지,restaurant
북문 주위에 와플 분식점 어디지,restaurant
쪽문 주위에 와플 분식점 어디지,restaurant
학교 주위에 와플 분식점 어디지,restaurant
오늘 북문 왔는데 와플 분식점 어디지,restaurant
오늘 쪽문 왔는데 와플 분식점 어디지,restaurant
오늘 학교 왔는데 와플 분식점 어디지,restaurant
오랜만에 북문 왔는데 와플 분식점 어디지,restaurant
오랜만에 쪽문 왔는데 와플 분식점 어디지,restaurant
오랜만에 학교 왔는데 와플 분식점 어디지,restaurant
북문 짜장면 잘하는 명가 어디지,restaurant
쪽문 짜장면 잘하는 명가 어디지,restaurant
학교 짜장면 잘하는 명가 어디지,restaurant
북문 근처 짜장면 잘하는 명가 어디지,restaurant
쪽문 근처 짜장면 잘하는 명가 어디지,restaurant
학교 근처 짜장면 잘하는 명가 어디지,restaurant
북문 근처에 짜장면 잘하는 명가 어디지,restaurant
쪽문 근처에 짜장면 잘하는 명가 어디지,restaurant
학교 근처 짜장면 잘하는 명가 어디지,restaurant
북문 주변 짜장면 잘하는 명가 어디지,restaurant
쪽문 주변 짜장면 잘하는 명가 어디지,restaurant
학교 주변 짜장면 잘하는 명가 어디지,restaurant
북문 주변에 짜장면 잘하는 명가 어디지,restaurant
쪽문 주변에 짜장면 잘하는 명가 어디지,restaurant
학교 주변에 짜장면 잘하는 명가 어디지,restaurant
북문 왔는데 짜장면 잘하는 명가 어디지,restaurant
쪽문 왔는데 짜장면 잘하는 명가 어디지,restaurant
학교 왔는데 짜장면 잘하는 명가 어디지,restaurant
북문 주위에 짜장면 잘하는 명가 어디지,restaurant
쪽문 주위에 짜장면 잘하는 명가 어디지,restaurant
학교 주위에 짜장면 잘하는 명가 어디지,restaurant
오늘 북문 왔는데 짜장면 잘하는 명가 어디지,restaurant
오늘 쪽문 왔는데 짜장면 잘하는 명가 어디지,restaurant
오늘 학교 왔는데 짜장면 잘하는 명가 어디지,restaurant
오랜만에 북문 왔는데 짜장면 잘하는 명가 어디지,restaurant
오랜만에 쪽문 왔는데 짜장면 잘하는 명가 어디지,restaurant
오랜만에 학교 왔는데 짜장면 잘하는 명가 어디지,restaurant
북문 연어초밥집 어디,restaurant
쪽문 연어초밥집 어디,restaurant
학교 연어초밥집 어디,restaurant
북문 근처 연어초밥집 어디,restaurant
쪽문 근처 연어초밥집 어디,restaurant
학교 근처 연어초밥집 어디,restaurant
북문 근처에 연어초밥집 어디,restaurant
쪽문 근처에 연어초밥집 어디,restaurant
학교 근처 연어초밥집 어디,restaurant
북문 주변 연어초밥집 어디,restaurant
쪽문 주변 연어초밥집 어디,restaurant
학교 주변 연어초밥집 어디,restaurant
북문 주변에 연어초밥집 어디,restaurant
쪽문 주변에 연어초밥집 어디,restaurant
학교 주변에 연어초밥집 어디,restaurant
북문 왔는데 연어초밥집 어디,restaurant
쪽문 왔는데 연어초밥집 어디,restaurant
학교 왔는데 연어초밥집 어디,restaurant
북문 주위에 연어초밥집 어디,restaurant
쪽문 주위에 연어초밥집 어디,restaurant
학교 주위에 연어초밥집 어디,restaurant
오늘 북문 왔는데 연어초밥집 어디,restaurant
오늘 쪽문 왔는데 연어초밥집 어디,restaurant
오늘 학교 왔는데 연어초밥집 어디,restaurant
오랜만에 북문 왔는데 연어초밥집 어디,restaurant
오랜만에 쪽문 왔는데 연어초밥집 어디,restaurant
오랜만에 학교 왔는데 연어초밥집 어디,restaurant
북문 연어 무한리필 명가 알려줄래,restaurant
쪽문 연어 무한리필 명가 알려줄래,restaurant
학교 연어 무한리필 명가 알려줄래,restaurant
북문 근처 연어 무한리필 명가 알려줄래,restaurant
쪽문 근처 연어 무한리필 명가 알려줄래,restaurant
학교 근처 연어 무한리필 명가 알려줄래,restaurant
북문 근처에 연어 무한리필 명가 알려줄래,restaurant
쪽문 근처에 연어 무한리필 명가 알려줄래,restaurant
학교 근처 연어 무한리필 명가 알려줄래,restaurant
북문 주변 연어 무한리필 명가 알려줄래,restaurant
쪽문 주변 연어 무한리필 명가 알려줄래,restaurant
학교 주변 연어 무한리필 명가 알려줄래,restaurant
북문 주변에 연어 무한리필 명가 알려줄래,restaurant
쪽문 주변에 연어 무한리필 명가 알려줄래,restaurant
학교 주변에 연어 무한리필 명가 알려줄래,restaurant
북문 왔는데 연어 무한리필 명가 알려줄래,restaurant
쪽문 왔는데 연어 무한리필 명가 알려줄래,restaurant
학교 왔는데 연어 무한리필 명가 알려줄래,restaurant
북문 주위에 연어 무한리필 명가 알려줄래,restaurant
쪽문 주위에 연어 무한리필 명가 알려줄래,restaurant
학교 주위에 연어 무한리필 명가 알려줄래,restaurant
오늘 북문 왔는데 연어 무한리필 명가 알려줄래,restaurant
오늘 쪽문 왔는데 연어 무한리필 명가 알려줄래,restaurant
오늘 학교 왔는데 연어 무한리필 명가 알려줄래,restaurant
오랜만에 북문 왔는데 연어 무한리필 명가 알려줄래,restaurant
오랜만에 쪽문 왔는데 연어 무한리필 명가 알려줄래,restaurant
오랜만에 학교 왔는데 연어 무한리필 명가 알려줄래,restaurant
북문 광어 먹고싶어,restaurant
쪽문 광어 먹고싶어,restaurant
학교 광어 먹고싶어,restaurant
북문 근처 광어 먹고싶어,restaurant
쪽문 근처 광어 먹고싶어,restaurant
학교 근처 광어 먹고싶어,restaurant
북문 근처에 광어 먹고싶어,restaurant
쪽문 근처에 광어 먹고싶어,restaurant
학교 근처 광어 먹고싶어,restaurant
북문 주변 광어 먹고싶어,restaurant
쪽문 주변 광어 먹고싶어,restaurant
학교 주변 광어 먹고싶어,restaurant
북문 주변에 광어 먹고싶어,restaurant
쪽문 주변에 광어 먹고싶어,restaurant
학교 주변에 광어 먹고싶어,restaurant
북문 왔는데 광어 먹고싶어,restaurant
쪽문 왔는데 광어 먹고싶어,restaurant
학교 왔는데 광어 먹고싶어,restaurant
북문 주위에 광어 먹고싶어,restaurant
쪽문 주위에 광어 먹고싶어,restaurant
학교 주위에 광어 먹고싶어,restaurant
오늘 북문 왔는데 광어 먹고싶어,restaurant
오늘 쪽문 왔는데 광어 먹고싶어,restaurant
오늘 학교 왔는데 광어 먹고싶어,restaurant
오랜만에 북문 왔는데 광어 먹고싶어,restaurant
오랜만에 쪽문 왔는데 광어 먹고싶어,restaurant
오랜만에 학교 왔는데 광어 먹고싶어,restaurant
북문 술집 추천해줘,restaurant
쪽문 술집 추천해줘,restaurant
학교 술집 추천해줘,restaurant
북문 근처 술집 추천해줘,restaurant
쪽문 근처 술집 추천해줘,restaurant
학교 근처 술집 추천해줘,restaurant
북문 근처에 술집 추천해줘,restaurant
쪽문 근처에 술집 추천해줘,restaurant
학교 근처 술집 추천해줘,restaurant
북문 주변 술집 추천해줘,restaurant
쪽문 주변 술집 추천해줘,restaurant
학교 주변 술집 추천해줘,restaurant
북문 주변에 술집 추천해줘,restaurant
쪽문 주변에 술집 추천해줘,restaurant
학교 주변에 술집 추천해줘,restaurant
북문 왔는데 술집 추천해줘,restaurant
쪽문 왔는데 술집 추천해줘,restaurant
학교 왔는데 술집 추천해줘,restaurant
북문 주위에 술집 추천해줘,restaurant
쪽문 주위에 술집 추천해줘,restaurant
학교 주위에 술집 추천해줘,restaurant
오늘 북문 왔는데 술집 추천해줘,restaurant
오늘 쪽문 왔는데 술집 추천해줘,restaurant
오늘 학교 왔는데 술집 추천해줘,restaurant
오랜만에 북문 왔는데 술집 추천해줘,restaurant
오랜만에 쪽문 왔는데 술집 추천해줘,restaurant
오랜만에 학교 왔는데 술집 추천해줘,restaurant
북문 맥주 먹고싶어,restaurant
쪽문 맥주 먹고싶어,restaurant
학교 맥주 먹고싶어,restaurant
북문 근처 맥주 먹고싶어,restaurant
쪽문 근처 맥주 먹고싶어,restaurant
학교 근처 맥주 먹고싶어,restaurant
북문 근처에 맥주 먹고싶어,restaurant
쪽문 근처에 맥주 먹고싶어,restaurant
학교 근처 맥주 먹고싶어,restaurant
북문 주변 맥주 먹고싶어,restaurant
쪽문 주변 맥주 먹고싶어,restaurant
학교 주변 맥주 먹고싶어,restaurant
북문 주변에 맥주 먹고싶어,restaurant
쪽문 주변에 맥주 먹고싶어,restaurant
학교 주변에 맥주 먹고싶어,restaurant
북문 왔는데 맥주 먹고싶어,restaurant
쪽문 왔는데 맥주 먹고싶어,restaurant
학교 왔는데 맥주 먹고싶어,restaurant
북문 주위에 맥주 먹고싶어,restaurant
쪽문 주위에 맥주 먹고싶어,restaurant
학교 주위에 맥주 먹고싶어,restaurant
오늘 북문 왔는데 맥주 먹고싶어,restaurant
오늘 쪽문 왔는데 맥주 먹고싶어,restaurant
오늘 학교 왔는데 맥주 먹고싶어,restaurant
오랜만에 북문 왔는데 맥주 먹고싶어,restaurant
오랜만에 쪽문 왔는데 맥주 먹고싶어,restaurant
오랜만에 학교 왔는데 맥주 먹고싶어,restaurant
북문 맥주 명가 추천해줘,restaurant
쪽문 맥주 명가 추천해줘,restaurant
학교 맥주 명가 추천해줘,restaurant
북문 근처 맥주 명가 추천해줘,restaurant
쪽문 근처 맥주 명가 추천해줘,restaurant
학교 근처 맥주 명가 추천해줘,restaurant
북문 근처에 맥주 명가 추천해줘,restaurant
쪽문 근처에 맥주 명가 추천해줘,restaurant
학교 근처 맥주 명가 추천해줘,restaurant
북문 주변 맥주 명가 추천해줘,restaurant
쪽문 주변 맥주 명가 추천해줘,restaurant
학교 주변 맥주 명가 추천해줘,restaurant
북문 주변에 맥주 명가 추천해줘,restaurant
쪽문 주변에 맥주 명가 추천해줘,restaurant
학교 주변에 맥주 명가 추천해줘,restaurant
북문 왔는데 맥주 명가 추천해줘,restaurant
쪽문 왔는데 맥주 명가 추천해줘,restaurant
학교 왔는데 맥주 명가 추천해줘,restaurant
북문 주위에 맥주 명가 추천해줘,restaurant
쪽문 주위에 맥주 명가 추천해줘,restaurant
학교 주위에 맥주 명가 추천해줘,restaurant
오늘 북문 왔는데 맥주 명가 추천해줘,restaurant
오늘 쪽문 왔는데 맥주 명가 추천해줘,restaurant
오늘 학교 왔는데 맥주 명가 추천해줘,restaurant
오랜만에 북문 왔는데 맥주 명가 추천해줘,restaurant
오랜만에 쪽문 왔는데 맥주 명가 추천해줘,restaurant
오랜만에 학교 왔는데 맥주 명가 추천해줘,restaurant
북문 광어 초밥 추천해줄래,restaurant
쪽문 광어 초밥 추천해줄래,restaurant
학교 광어 초밥 추천해줄래,restaurant
북문 근처 광어 초밥 추천해줄래,restaurant
쪽문 근처 광어 초밥 추천해줄래,restaurant
학교 근처 광어 초밥 추천해줄래,restaurant
북문 근처에 광어 초밥 추천해줄래,restaurant
쪽문 근처에 광어 초밥 추천해줄래,restaurant
학교 근처 광어 초밥 추천해줄래,restaurant
북문 주변 광어 초밥 추천해줄래,restaurant
쪽문 주변 광어 초밥 추천해줄래,restaurant
학교 주변 광어 초밥 추천해줄래,restaurant
북문 주변에 광어 초밥 추천해줄래,restaurant
쪽문 주변에 광어 초밥 추천해줄래,restaurant
학교 주변에 광어 초밥 추천해줄래,restaurant
북문 왔는데 광어 초밥 추천해줄래,restaurant
쪽문 왔는데 광어 초밥 추천해줄래,restaurant
학교 왔는데 광어 초밥 추천해줄래,restaurant
북문 주위에 광어 초밥 추천해줄래,restaurant
쪽문 주위에 광어 초밥 추천해줄래,restaurant
학교 주위에 광어 초밥 추천해줄래,restaurant
오늘 북문 왔는데 광어 초밥 추천해줄래,restaurant
오늘 쪽문 왔는데 광어 초밥 추천해줄래,restaurant
오늘 학교 왔는데 광어 초밥 추천해줄래,restaurant
오랜만에 북문 왔는데 광어 초밥 추천해줄래,restaurant
오랜만에 쪽문 왔는데 광어 초밥 추천해줄래,restaurant
오랜만에 학교 왔는데 광어 초밥 추천해줄래,restaurant
북문 삼겹살 명가 알려주세요,restaurant
쪽문 삼겹살 명가 알려주세요,restaurant
학교 삼겹살 명가 알려주세요,restaurant
북문 근처 삼겹살 명가 알려주세요,restaurant
쪽문 근처 삼겹살 명가 알려주세요,restaurant
학교 근처 삼겹살 명가 알려주세요,restaurant
북문 근처에 삼겹살 명가 알려주세요,restaurant
쪽문 근처에 삼겹살 명가 알려주세요,restaurant
학교 근처 삼겹살 명가 알려주세요,restaurant
북문 주변 삼겹살 명가 알려주세요,restaurant
쪽문 주변 삼겹살 명가 알려주세요,restaurant
학교 주변 삼겹살 명가 알려주세요,restaurant
북문 주변에 삼겹살 명가 알려주세요,restaurant
쪽문 주변에 삼겹살 명가 알려주세요,restaurant
학교 주변에 삼겹살 명가 알려주세요,restaurant
북문 왔는데 삼겹살 명가 알려주세요,restaurant
쪽문 왔는데 삼겹살 명가 알려주세요,restaurant
학교 왔는데 삼겹살 명가 알려주세요,restaurant
북문 주위에 삼겹살 명가 알려주세요,restaurant
쪽문 주위에 삼겹살 명가 알려주세요,restaurant
학교 주위에 삼겹살 명가 알려주세요,restaurant
오늘 북문 왔는데 삼겹살 명가 알려주세요,restaurant
오늘 쪽문 왔는데 삼겹살 명가 알려주세요,restaurant
오늘 학교 왔는데 삼겹살 명가 알려주세요,restaurant
오랜만에 북문 왔는데 삼겹살 명가 알려주세요,restaurant
오랜만에 쪽문 왔는데 삼겹살 명가 알려주세요,restaurant
오랜만에 학교 왔는데 삼겹살 명가 알려주세요,restaurant
북문 국수 명가 추천해주세요,restaurant
쪽문 국수 명가 추천해주세요,restaurant
학교 국수 명가 추천해주세요,restaurant
북문 근처 국수 명가 추천해주세요,restaurant
쪽문 근처 국수 명가 추천해주세요,restaurant
학교 근처 국수 명가 추천해주세요,restaurant
북문 근처에 국수 명가 추천해주세요,restaurant
쪽문 근처에 국수 명가 추천해주세요,restaurant
학교 근처 국수 명가 추천해주세요,restaurant
북문 주변 국수 명가 추천해주세요,restaurant
쪽문 주변 국수 명가 추천해주세요,restaurant
학교 주변 국수 명가 추천해주세요,restaurant
북문 주변에 국수 명가 추천해주세요,restaurant
쪽문 주변에 국수 명가 추천해주세요,restaurant
학교 주변에 국수 명가 추천해주세요,restaurant
북문 왔는데 국수 명가 추천해주세요,restaurant
쪽문 왔는데 국수 명가 추천해주세요,restaurant
학교 왔는데 국수 명가 추천해주세요,restaurant
북문 주위에 국수 명가 추천해주세요,restaurant
쪽문 주위에 국수 명가 추천해주세요,restaurant
학교 주위에 국수 명가 추천해주세요,restaurant
오늘 북문 왔는데 국수 명가 추천해주세요,restaurant
오늘 쪽문 왔는데 국수 명가 추천해주세요,restaurant
오늘 학교 왔는데 국수 명가 추천해주세요,restaurant
오랜만에 북문 왔는데 국수 명가 추천해주세요,restaurant
오랜만에 쪽문 왔는데 국수 명가 추천해주세요,restaurant
오랜만에 학교 왔는데 국수 명가 추천해주세요,restaurant
북문 고기국수 잘하는 명가 알려줄래요,restaurant
쪽문 고기국수 잘하는 명가 알려줄래요,restaurant
학교 고기국수 잘하는 명가 알려줄래요,restaurant
북문 근처 고기국수 잘하는 명가 알려줄래요,restaurant
쪽문 근처 고기국수 잘하는 명가 알려줄래요,restaurant
학교 근처 고기국수 잘하는 명가 알려줄래요,restaurant
북문 근처에 고기국수 잘하는 명가 알려줄래요,restaurant
쪽문 근처에 고기국수 잘하는 명가 알려줄래요,restaurant
학교 근처 고기국수 잘하는 명가 알려줄래요,restaurant
북문 주변 고기국수 잘하는 명가 알려줄래요,restaurant
쪽문 주변 고기국수 잘하는 명가 알려줄래요,restaurant
학교 주변 고기국수 잘하는 명가 알려줄래요,restaurant
북문 주변에 고기국수 잘하는 명가 알려줄래요,restaurant
쪽문 주변에 고기국수 잘하는 명가 알려줄래요,restaurant
학교 주변에 고기국수 잘하는 명가 알려줄래요,restaurant
북문 왔는데 고기국수 잘하는 명가 알려줄래요,restaurant
쪽문 왔는데 고기국수 잘하는 명가 알려줄래요,restaurant
학교 왔는데 고기국수 잘하는 명가 알려줄래요,restaurant
북문 주위에 고기국수 잘하는 명가 알려줄래요,restaurant
쪽문 주위에 고기국수 잘하는 명가 알려줄래요,restaurant
학교 주위에 고기국수 잘하는 명가 알려줄래요,restaurant
오늘 북문 왔는데 고기국수 잘하는 명가 알려줄래요,restaurant
오늘 쪽문 왔는데 고기국수 잘하는 명가 알려줄래요,restaurant
오늘 학교 왔는데 고기국수 잘하는 명가 알려줄래요,restaurant
오랜만에 북문 왔는데 고기국수 잘하는 명가 알려줄래요,restaurant
오랜만에 쪽문 왔는데 고기국수 잘하는 명가 알려줄래요,restaurant
오랜만에 학교 왔는데 고기국수 잘하는 명가 알려줄래요,restaurant
북문 갈비집 추천해줘요,restaurant
쪽문 갈비집 추천해줘요,restaurant
학교 갈비집 추천해줘요,restaurant
북문 근처 갈비집 추천해줘요,restaurant
쪽문 근처 갈비집 추천해줘요,restaurant
학교 근처 갈비집 추천해줘요,restaurant
북문 근처에 갈비집 추천해줘요,restaurant
쪽문 근처에 갈비집 추천해줘요,restaurant
학교 근처 갈비집 추천해줘요,restaurant
북문 주변 갈비집 추천해줘요,restaurant
쪽문 주변 갈비집 추천해줘요,restaurant
학교 주변 갈비집 추천해줘요,restaurant
북문 주변에 갈비집 추천해줘요,restaurant
쪽문 주변에 갈비집 추천해줘요,restaurant
학교 주변에 갈비집 추천해줘요,restaurant
북문 왔는데 갈비집 추천해줘요,restaurant
쪽문 왔는데 갈비집 추천해줘요,restaurant
학교 왔는데 갈비집 추천해줘요,restaurant
북문 주위에 갈비집 추천해줘요,restaurant
쪽문 주위에 갈비집 추천해줘요,restaurant
학교 주위에 갈비집 추천해줘요,restaurant
오늘 북문 왔는데 갈비집 추천해줘요,restaurant
오늘 쪽문 왔는데 갈비집 추천해줘요,restaurant
오늘 학교 왔는데 갈비집 추천해줘요,restaurant
오랜만에 북문 왔는데 갈비집 추천해줘요,restaurant
오랜만에 쪽문 왔는데 갈비집 추천해줘요,restaurant
오랜만에 학교 왔는데 갈비집 추천해줘요,restaurant
북문 삼겹살 잘 하는 곳 알려주세요,restaurant
쪽문 삼겹살 잘 하는 곳 알려주세요,restaurant
학교 삼겹살 잘 하는 곳 알려주세요,restaurant
북문 근처 삼겹살 잘 하는 곳 알려주세요,restaurant
쪽문 근처 삼겹살 잘 하는 곳 알려주세요,restaurant
학교 근처 삼겹살 잘 하는 곳 알려주세요,restaurant
북문 근처에 삼겹살 잘 하는 곳 알려주세요,restaurant
쪽문 근처에 삼겹살 잘 하는 곳 알려주세요,restaurant
학교 근처 삼겹살 잘 하는 곳 알려주세요,restaurant
북문 주변 삼겹살 잘 하는 곳 알려주세요,restaurant
쪽문 주변 삼겹살 잘 하는 곳 알려주세요,restaurant
학교 주변 삼겹살 잘 하는 곳 알려주세요,restaurant
북문 주변에 삼겹살 잘 하는 곳 알려주세요,restaurant
쪽문 주변에 삼겹살 잘 하는 곳 알려주세요,restaurant
학교 주변에 삼겹살 잘 하는 곳 알려주세요,restaurant
북문 왔는데 삼겹살 잘 하는 곳 알려주세요,restaurant
쪽문 왔는데 삼겹살 잘 하는 곳 알려주세요,restaurant
학교 왔는데 삼겹살 잘 하는 곳 알려주세요,restaurant
북문 주위에 삼겹살 잘 하는 곳 알려주세요,restaurant
쪽문 주위에 삼겹살 잘 하는 곳 알려주세요,restaurant
학교 주위에 삼겹살 잘 하는 곳 알려주세요,restaurant
오늘 북문 왔는데 삼겹살 잘 하는 곳 알려주세요,restaurant
오늘 쪽문 왔는데 삼겹살 잘 하는 곳 알려주세요,restaurant
오늘 학교 왔는데 삼겹살 잘 하는 곳 알려주세요,restaurant
오랜만에 북문 왔는데 삼겹살 잘 하는 곳 알려주세요,restaurant
오랜만에 쪽문 왔는데 삼겹살 잘 하는 곳 알려주세요,restaurant
오랜만에 학교 왔는데 삼겹살 잘 하는 곳 알려주세요,restaurant
북문 국수 명가 알려주세요,restaurant
쪽문 국수 명가 알려주세요,restaurant
학교 국수 명가 알려주세요,restaurant
북문 근처 국수 명가 알려주세요,restaurant
쪽문 근처 국수 명가 알려주세요,restaurant
학교 근처 국수 명가 알려주세요,restaurant
북문 근처에 국수 명가 알려주세요,restaurant
쪽문 근처에 국수 명가 알려주세요,restaurant
학교 근처 국수 명가 알려주세요,restaurant
북문 주변 국수 명가 알려주세요,restaurant
쪽문 주변 국수 명가 알려주세요,restaurant
학교 주변 국수 명가 알려주세요,restaurant
북문 주변에 국수 명가 알려주세요,restaurant
쪽문 주변에 국수 명가 알려주세요,restaurant
학교 주변에 국수 명가 알려주세요,restaurant
북문 왔는데 국수 명가 알려주세요,restaurant
쪽문 왔는데 국수 명가 알려주세요,restaurant
학교 왔는데 국수 명가 알려주세요,restaurant
북문 주위에 국수 명가 알려주세요,restaurant
쪽문 주위에 국수 명가 알려주세요,restaurant
학교 주위에 국수 명가 알려주세요,restaurant
오늘 북문 왔는데 국수 명가 알려주세요,restaurant
오늘 쪽문 왔는데 국수 명가 알려주세요,restaurant
오늘 학교 왔는데 국수 명가 알려주세요,restaurant
오랜만에 북문 왔는데 국수 명가 알려주세요,restaurant
오랜만에 쪽문 왔는데 국수 명가 알려주세요,restaurant
오랜만에 학교 왔는데 국수 명가 알려주세요,restaurant
북문 스파게티 먹고싶어요,restaurant
쪽문 스파게티 먹고싶어요,restaurant
학교 스파게티 먹고싶어요,restaurant
북문 근처 스파게티 먹고싶어요,restaurant
쪽문 근처 스파게티 먹고싶어요,restaurant
학교 근처 스파게티 먹고싶어요,restaurant
북문 근처에 스파게티 먹고싶어요,restaurant
쪽문 근처에 스파게티 먹고싶어요,restaurant
학교 근처 스파게티 먹고싶어요,restaurant
북문 주변 스파게티 먹고싶어요,restaurant
쪽문 주변 스파게티 먹고싶어요,restaurant
학교 주변 스파게티 먹고싶어요,restaurant
북문 주변에 스파게티 먹고싶어요,restaurant
쪽문 주변에 스파게티 먹고싶어요,restaurant
학교 주변에 스파게티 먹고싶어요,restaurant
북문 왔는데 스파게티 먹고싶어요,restaurant
쪽문 왔는데 스파게티 먹고싶어요,restaurant
학교 왔는데 스파게티 먹고싶어요,restaurant
북문 주위에 스파게티 먹고싶어요,restaurant
쪽문 주위에 스파게티 먹고싶어요,restaurant
학교 주위에 스파게티 먹고싶어요,restaurant
오늘 북문 왔는데 스파게티 먹고싶어요,restaurant
오늘 쪽문 왔는데 스파게티 먹고싶어요,restaurant
오늘 학교 왔는데 스파게티 먹고싶어요,restaurant
오랜만에 북문 왔는데 스파게티 먹고싶어요,restaurant
오랜만에 쪽문 왔는데 스파게티 먹고싶어요,restaurant
오랜만에 학교 왔는데 스파게티 먹고싶어요,restaurant
북문 국수 먹고싶어요,restaurant
쪽문 국수 먹고싶어요,restaurant
학교 국수 먹고싶어요,restaurant
북문 근처 국수 먹고싶어요,restaurant
쪽문 근처 국수 먹고싶어요,restaurant
학교 근처 국수 먹고싶어요,restaurant
북문 근처에 국수 먹고싶어요,restaurant
쪽문 근처에 국수 먹고싶어요,restaurant
학교 근처 국수 먹고싶어요,restaurant
북문 주변 국수 먹고싶어요,restaurant
쪽문 주변 국수 먹고싶어요,restaurant
학교 주변 국수 먹고싶어요,restaurant
북문 주변에 국수 먹고싶어요,restaurant
쪽문 주변에 국수 먹고싶어요,restaurant
학교 주변에 국수 먹고싶어요,restaurant
북문 왔는데 국수 먹고싶어요,restaurant
쪽문 왔는데 국수 먹고싶어요,restaurant
학교 왔는데 국수 먹고싶어요,restaurant
북문 주위에 국수 먹고싶어요,restaurant
쪽문 주위에 국수 먹고싶어요,restaurant
학교 주위에 국수 먹고싶어요,restaurant
오늘 북문 왔는데 국수 먹고싶어요,restaurant
오늘 쪽문 왔는데 국수 먹고싶어요,restaurant
오늘 학교 왔는데 국수 먹고싶어요,restaurant
오랜만에 북문 왔는데 국수 먹고싶어요,restaurant
오랜만에 쪽문 왔는데 국수 먹고싶어요,restaurant
오랜만에 학교 왔는데 국수 먹고싶어요,restaurant
북문 순대 명가,restaurant
쪽문 순대 명가,restaurant
학교 순대 명가,restaurant
북문 근처 순대 명가,restaurant
쪽문 근처 순대 명가,restaurant
학교 근처 순대 명가,restaurant
북문 근처에 순대 명가,restaurant
쪽문 근처에 순대 명가,restaurant
학교 근처 순대 명가,restaurant
북문 주변 순대 명가,restaurant
쪽문 주변 순대 명가,restaurant
학교 주변 순대 명가,restaurant
북문 주변에 순대 명가,restaurant
쪽문 주변에 순대 명가,restaurant
학교 주변에 순대 명가,restaurant
북문 왔는데 순대 명가,restaurant
쪽문 왔는데 순대 명가,restaurant
학교 왔는데 순대 명가,restaurant
북문 주위에 순대 명가,restaurant
쪽문 주위에 순대 명가,restaurant
학교 주위에 순대 명가,restaurant
오늘 북문 왔는데 순대 명가,restaurant
오늘 쪽문 왔는데 순대 명가,restaurant
오늘 학교 왔는데 순대 명가,restaurant
오랜만에 북문 왔는데 순대 명가,restaurant
오랜만에 쪽문 왔는데 순대 명가,restaurant
오랜만에 학교 왔는데 순대 명가,restaurant
북문 떡볶이 명가,restaurant
쪽문 떡볶이 명가,restaurant
학교 떡볶이 명가,restaurant
북문 근처 떡볶이 명가,restaurant
쪽문 근처 떡볶이 명가,restaurant
학교 근처 떡볶이 명가,restaurant
북문 근처에 떡볶이 명가,restaurant
쪽문 근처에 떡볶이 명가,restaurant
학교 근처 떡볶이 명가,restaurant
북문 주변 떡볶이 명가,restaurant
쪽문 주변 떡볶이 명가,restaurant
학교 주변 떡볶이 명가,restaurant
북문 주변에 떡볶이 명가,restaurant
쪽문 주변에 떡볶이 명가,restaurant
학교 주변에 떡볶이 명가,restaurant
북문 왔는데 떡볶이 명가,restaurant
쪽문 왔는데 떡볶이 명가,restaurant
학교 왔는데 떡볶이 명가,restaurant
북문 주위에 떡볶이 명가,restaurant
쪽문 주위에 떡볶이 명가,restaurant
학교 주위에 떡볶이 명가,restaurant
오늘 북문 왔는데 떡볶이 명가,restaurant
오늘 쪽문 왔는데 떡볶이 명가,restaurant
오늘 학교 왔는데 떡볶이 명가,restaurant
오랜만에 북문 왔는데 떡볶이 명가,restaurant
오랜만에 쪽문 왔는데 떡볶이 명가,restaurant
오랜만에 학교 왔는데 떡볶이 명가,restaurant
북문 스파게티 명가 추천해줘요,restaurant
쪽문 스파게티 명가 추천해줘요,restaurant
학교 스파게티 명가 추천해줘요,restaurant
북문 근처 스파게티 명가 추천해줘요,restaurant
쪽문 근처 스파게티 명가 추천해줘요,restaurant
학교 근처 스파게티 명가 추천해줘요,restaurant
북문 근처에 스파게티 명가 추천해줘요,restaurant
쪽문 근처에 스파게티 명가 추천해줘요,restaurant
학교 근처 스파게티 명가 추천해줘요,restaurant
북문 주변 스파게티 명가 추천해줘요,restaurant
쪽문 주변 스파게티 명가 추천해줘요,restaurant
학교 주변 스파게티 명가 추천해줘요,restaurant
북문 주변에 스파게티 명가 추천해줘요,restaurant
쪽문 주변에 스파게티 명가 추천해줘요,restaurant
학교 주변에 스파게티 명가 추천해줘요,restaurant
북문 왔는데 스파게티 명가 추천해줘요,restaurant
쪽문 왔는데 스파게티 명가 추천해줘요,restaurant
학교 왔는데 스파게티 명가 추천해줘요,restaurant
북문 주위에 스파게티 명가 추천해줘요,restaurant
쪽문 주위에 스파게티 명가 추천해줘요,restaurant
학교 주위에 스파게티 명가 추천해줘요,restaurant
오늘 북문 왔는데 스파게티 명가 추천해줘요,restaurant
오늘 쪽문 왔는데 스파게티 명가 추천해줘요,restaurant
오늘 학교 왔는데 스파게티 명가 추천해줘요,restaurant
오랜만에 북문 왔는데 스파게티 명가 추천해줘요,restaurant
오랜만에 쪽문 왔는데 스파게티 명가 추천해줘요,restaurant
오랜만에 학교 왔는데 스파게티 명가 추천해줘요,restaurant
북문 스테이크 맛집 어디,restaurant
쪽문 스테이크 맛집 어디,restaurant
학교 스테이크 맛집 어디,restaurant
북문 근처 스테이크 맛집 어디,restaurant
쪽문 근처 스테이크 맛집 어디,restaurant
학교 근처 스테이크 맛집 어디,restaurant
북문 근처에 스테이크 맛집 어디,restaurant
쪽문 근처에 스테이크 맛집 어디,restaurant
학교 근처 스테이크 맛집 어디,restaurant
북문 주변 스테이크 맛집 어디,restaurant
쪽문 주변 스테이크 맛집 어디,restaurant
학교 주변 스테이크 맛집 어디,restaurant
북문 주변에 스테이크 맛집 어디,restaurant
쪽문 주변에 스테이크 맛집 어디,restaurant
학교 주변에 스테이크 맛집 어디,restaurant
북문 왔는데 스테이크 맛집 어디,restaurant
쪽문 왔는데 스테이크 맛집 어디,restaurant
학교 왔는데 스테이크 맛집 어디,restaurant
북문 주위에 스테이크 맛집 어디,restaurant
쪽문 주위에 스테이크 맛집 어디,restaurant
학교 주위에 스테이크 맛집 어디,restaurant
오늘 북문 왔는데 스테이크 맛집 어디,restaurant
오늘 쪽문 왔는데 스테이크 맛집 어디,restaurant
오늘 학교 왔는데 스테이크 맛집 어디,restaurant
오랜만에 북문 왔는데 스테이크 맛집 어디,restaurant
오랜만에 쪽문 왔는데 스테이크 맛집 어디,restaurant
오랜만에 학교 왔는데 스테이크 맛집 어디,restaurant
북문 바비큐 명가 어디지,restaurant
쪽문 바비큐 명가 어디지,restaurant
학교 바비큐 명가 어디지,restaurant
북문 근처 바비큐 명가 어디지,restaurant
쪽문 근처 바비큐 명가 어디지,restaurant
학교 근처 바비큐 명가 어디지,restaurant
북문 근처에 바비큐 명가 어디지,restaurant
쪽문 근처에 바비큐 명가 어디지,restaurant
학교 근처 바비큐 명가 어디지,restaurant
북문 주변 바비큐 명가 어디지,restaurant
쪽문 주변 바비큐 명가 어디지,restaurant
학교 주변 바비큐 명가 어디지,restaurant
북문 주변에 바비큐 명가 어디지,restaurant
쪽문 주변에 바비큐 명가 어디지,restaurant
학교 주변에 바비큐 명가 어디지,restaurant
북문 왔는데 바비큐 명가 어디지,restaurant
쪽문 왔는데 바비큐 명가 어디지,restaurant
학교 왔는데 바비큐 명가 어디지,restaurant
북문 주위에 바비큐 명가 어디지,restaurant
쪽문 주위에 바비큐 명가 어디지,restaurant
학교 주위에 바비큐 명가 어디지,restaurant
오늘 북문 왔는데 바비큐 명가 어디지,restaurant
오늘 쪽문 왔는데 바비큐 명가 어디지,restaurant
오늘 학교 왔는데 바비큐 명가 어디지,restaurant
오랜만에 북문 왔는데 바비큐 명가 어디지,restaurant
오랜만에 쪽문 왔는데 바비큐 명가 어디지,restaurant
오랜만에 학교 왔는데 바비큐 명가 어디지,restaurant
북문 바베큐 명가 어디,restaurant
쪽문 바베큐 명가 어디,restaurant
학교 바베큐 명가 어디,restaurant
북문 근처 바베큐 명가 어디,restaurant
쪽문 근처 바베큐 명가 어디,restaurant
학교 근처 바베큐 명가 어디,restaurant
북문 근처에 바베큐 명가 어디,restaurant
쪽문 근처에 바베큐 명가 어디,restaurant
학교 근처 바베큐 명가 어디,restaurant
북문 주변 바베큐 명가 어디,restaurant
쪽문 주변 바베큐 명가 어디,restaurant
학교 주변 바베큐 명가 어디,restaurant
북문 주변에 바베큐 명가 어디,restaurant
쪽문 주변에 바베큐 명가 어디,restaurant
학교 주변에 바베큐 명가 어디,restaurant
북문 왔는데 바베큐 명가 어디,restaurant
쪽문 왔는데 바베큐 명가 어디,restaurant
학교 왔는데 바베큐 명가 어디,restaurant
북문 주위에 바베큐 명가 어디,restaurant
쪽문 주위에 바베큐 명가 어디,restaurant
학교 주위에 바베큐 명가 어디,restaurant
오늘 북문 왔는데 바베큐 명가 어디,restaurant
오늘 쪽문 왔는데 바베큐 명가 어디,restaurant
오늘 학교 왔는데 바베큐 명가 어디,restaurant
오랜만에 북문 왔는데 바베큐 명가 어디,restaurant
오랜만에 쪽문 왔는데 바베큐 명가 어디,restaurant
오랜만에 학교 왔는데 바베큐 명가 어디,restaurant
북문 태국 음식 원조 식당 어디,restaurant
쪽문 태국 음식 원조 식당 어디,restaurant
학교 태국 음식 원조 식당 어디,restaurant
북문 근처 태국 음식 원조 식당 어디,restaurant
쪽문 근처 태국 음식 원조 식당 어디,restaurant
학교 근처 태국 음식 원조 식당 어디,restaurant
북문 근처에 태국 음식 원조 식당 어디,restaurant
쪽문 근처에 태국 음식 원조 식당 어디,restaurant
학교 근처 태국 음식 원조 식당 어디,restaurant
북문 주변 태국 음식 원조 식당 어디,restaurant
쪽문 주변 태국 음식 원조 식당 어디,restaurant
학교 주변 태국 음식 원조 식당 어디,restaurant
북문 주변에 태국 음식 원조 식당 어디,restaurant
쪽문 주변에 태국 음식 원조 식당 어디,restaurant
학교 주변에 태국 음식 원조 식당 어디,restaurant
북문 왔는데 태국 음식 원조 식당 어디,restaurant
쪽문 왔는데 태국 음식 원조 식당 어디,restaurant
학교 왔는데 태국 음식 원조 식당 어디,restaurant
북문 주위에 태국 음식 원조 식당 어디,restaurant
쪽문 주위에 태국 음식 원조 식당 어디,restaurant
학교 주위에 태국 음식 원조 식당 어디,restaurant
오늘 북문 왔는데 태국 음식 원조 식당 어디,restaurant
오늘 쪽문 왔는데 태국 음식 원조 식당 어디,restaurant
오늘 학교 왔는데 태국 음식 원조 식당 어디,restaurant
오랜만에 북문 왔는데 태국 음식 원조 식당 어디,restaurant
오랜만에 쪽문 왔는데 태국 음식 원조 식당 어디,restaurant
오랜만에 학교 왔는데 태국 음식 원조 식당 어디,restaurant
북문 베트남 음식 명가 어디,restaurant
쪽문 베트남 음식 명가 어디,restaurant
학교 베트남 음식 명가 어디,restaurant
북문 근처 베트남 음식 명가 어디,restaurant
쪽문 근처 베트남 음식 명가 어디,restaurant
학교 근처 베트남 음식 명가 어디,restaurant
북문 근처에 베트남 음식 명가 어디,restaurant
쪽문 근처에 베트남 음식 명가 어디,restaurant
학교 근처 베트남 음식 명가 어디,restaurant
북문 주변 베트남 음식 명가 어디,restaurant
쪽문 주변 베트남 음식 명가 어디,restaurant
학교 주변 베트남 음식 명가 어디,restaurant
북문 주변에 베트남 음식 명가 어디,restaurant
쪽문 주변에 베트남 음식 명가 어디,restaurant
학교 주변에 베트남 음식 명가 어디,restaurant
북문 왔는데 베트남 음식 명가 어디,restaurant
쪽문 왔는데 베트남 음식 명가 어디,restaurant
학교 왔는데 베트남 음식 명가 어디,restaurant
북문 주위에 베트남 음식 명가 어디,restaurant
쪽문 주위에 베트남 음식 명가 어디,restaurant
학교 주위에 베트남 음식 명가 어디,restaurant
오늘 북문 왔는데 베트남 음식 명가 어디,restaurant
오늘 쪽문 왔는데 베트남 음식 명가 어디,restaurant
오늘 학교 왔는데 베트남 음식 명가 어디,restaurant
오랜만에 북문 왔는데 베트남 음식 명가 어디,restaurant
오랜만에 쪽문 왔는데 베트남 음식 명가 어디,restaurant
오랜만에 학교 왔는데 베트남 음식 명가 어디,restaurant
북문 돈가스 명가 어디니,restaurant
쪽문 돈가스 명가 어디니,restaurant
학교 돈가스 명가 어디니,restaurant
북문 근처 돈가스 명가 어디니,restaurant
쪽문 근처 돈가스 명가 어디니,restaurant
학교 근처 돈가스 명가 어디니,restaurant
북문 근처에 돈가스 명가 어디니,restaurant
쪽문 근처에 돈가스 명가 어디니,restaurant
학교 근처 돈가스 명가 어디니,restaurant
북문 주변 돈가스 명가 어디니,restaurant
쪽문 주변 돈가스 명가 어디니,restaurant
학교 주변 돈가스 명가 어디니,restaurant
북문 주변에 돈가스 명가 어디니,restaurant
쪽문 주변에 돈가스 명가 어디니,restaurant
학교 주변에 돈가스 명가 어디니,restaurant
북문 왔는데 돈가스 명가 어디니,restaurant
쪽문 왔는데 돈가스 명가 어디니,restaurant
학교 왔는데 돈가스 명가 어디니,restaurant
북문 주위에 돈가스 명가 어디니,restaurant
쪽문 주위에 돈가스 명가 어디니,restaurant
학교 주위에 돈가스 명가 어디니,restaurant
오늘 북문 왔는데 돈가스 명가 어디니,restaurant
오늘 쪽문 왔는데 돈가스 명가 어디니,restaurant
오늘 학교 왔는데 돈가스 명가 어디니,restaurant
오랜만에 북문 왔는데 돈가스 명가 어디니,restaurant
오랜만에 쪽문 왔는데 돈가스 명가 어디니,restaurant
오랜만에 학교 왔는데 돈가스 명가 어디니,restaurant
북문 소고기 음식 원조 식당 어디,restaurant
쪽문 소고기 음식 원조 식당 어디,restaurant
학교 소고기 음식 원조 식당 어디,restaurant
북문 근처 소고기 음식 원조 식당 어디,restaurant
쪽문 근처 소고기 음식 원조 식당 어디,restaurant
학교 근처 소고기 음식 원조 식당 어디,restaurant
북문 근처에 소고기 음식 원조 식당 어디,restaurant
쪽문 근처에 소고기 음식 원조 식당 어디,restaurant
학교 근처 소고기 음식 원조 식당 어디,restaurant
북문 주변 소고기 음식 원조 식당 어디,restaurant
쪽문 주변 소고기 음식 원조 식당 어디,restaurant
학교 주변 소고기 음식 원조 식당 어디,restaurant
북문 주변에 소고기 음식 원조 식당 어디,restaurant
쪽문 주변에 소고기 음식 원조 식당 어디,restaurant
학교 주변에 소고기 음식 원조 식당 어디,restaurant
북문 왔는데 소고기 음식 원조 식당 어디,restaurant
쪽문 왔는데 소고기 음식 원조 식당 어디,restaurant
학교 왔는데 소고기 음식 원조 식당 어디,restaurant
북문 주위에 소고기 음식 원조 식당 어디,restaurant
쪽문 주위에 소고기 음식 원조 식당 어디,restaurant
학교 주위에 소고기 음식 원조 식당 어디,restaurant
오늘 북문 왔는데 소고기 음식 원조 식당 어디,restaurant
오늘 쪽문 왔는데 소고기 음식 원조 식당 어디,restaurant
오늘 학교 왔는데 소고기 음식 원조 식당 어디,restaurant
오랜만에 북문 왔는데 소고기 음식 원조 식당 어디,restaurant
오랜만에 쪽문 왔는데 소고기 음식 원조 식당 어디,restaurant
오랜만에 학교 왔는데 소고기 음식 원조 식당 어디,restaurant
북문 비빔밥 잘하는 명가 어디니,restaurant
쪽문 비빔밥 잘하는 명가 어디니,restaurant
학교 비빔밥 잘하는 명가 어디니,restaurant
북문 근처 비빔밥 잘하는 명가 어디니,restaurant
쪽문 근처 비빔밥 잘하는 명가 어디니,restaurant
학교 근처 비빔밥 잘하는 명가 어디니,restaurant
북문 근처에 비빔밥 잘하는 명가 어디니,restaurant
쪽문 근처에 비빔밥 잘하는 명가 어디니,restaurant
학교 근처 비빔밥 잘하는 명가 어디니,restaurant
북문 주변 비빔밥 잘하는 명가 어디니,restaurant
쪽문 주변 비빔밥 잘하는 명가 어디니,restaurant
학교 주변 비빔밥 잘하는 명가 어디니,restaurant
북문 주변에 비빔밥 잘하는 명가 어디니,restaurant
쪽문 주변에 비빔밥 잘하는 명가 어디니,restaurant
학교 주변에 비빔밥 잘하는 명가 어디니,restaurant
북문 왔는데 비빔밥 잘하는 명가 어디니,restaurant
쪽문 왔는데 비빔밥 잘하는 명가 어디니,restaurant
학교 왔는데 비빔밥 잘하는 명가 어디니,restaurant
북문 주위에 비빔밥 잘하는 명가 어디니,restaurant
쪽문 주위에 비빔밥 잘하는 명가 어디니,restaurant
학교 주위에 비빔밥 잘하는 명가 어디니,restaurant
오늘 북문 왔는데 비빔밥 잘하는 명가 어디니,restaurant
오늘 쪽문 왔는데 비빔밥 잘하는 명가 어디니,restaurant
오늘 학교 왔는데 비빔밥 잘하는 명가 어디니,restaurant
오랜만에 북문 왔는데 비빔밥 잘하는 명가 어디니,restaurant
오랜만에 쪽문 왔는데 비빔밥 잘하는 명가 어디니,restaurant
오랜만에 학교 왔는데 비빔밥 잘하는 명가 어디니,restaurant
북문 제육볶음 식당 어디,restaurant
쪽문 제육볶음 식당 어디,restaurant
학교 제육볶음 식당 어디,restaurant
북문 근처 제육볶음 식당 어디,restaurant
쪽문 근처 제육볶음 식당 어디,restaurant
학교 근처 제육볶음 식당 어디,restaurant
북문 근처에 제육볶음 식당 어디,restaurant
쪽문 근처에 제육볶음 식당 어디,restaurant
학교 근처 제육볶음 식당 어디,restaurant
북문 주변 제육볶음 식당 어디,restaurant
쪽문 주변 제육볶음 식당 어디,restaurant
학교 주변 제육볶음 식당 어디,restaurant
북문 주변에 제육볶음 식당 어디,restaurant
쪽문 주변에 제육볶음 식당 어디,restaurant
학교 주변에 제육볶음 식당 어디,restaurant
북문 왔는데 제육볶음 식당 어디,restaurant
쪽문 왔는데 제육볶음 식당 어디,restaurant
학교 왔는데 제육볶음 식당 어디,restaurant
북문 주위에 제육볶음 식당 어디,restaurant
쪽문 주위에 제육볶음 식당 어디,restaurant
학교 주위에 제육볶음 식당 어디,restaurant
오늘 북문 왔는데 제육볶음 식당 어디,restaurant
오늘 쪽문 왔는데 제육볶음 식당 어디,restaurant
오늘 학교 왔는데 제육볶음 식당 어디,restaurant
오랜만에 북문 왔는데 제육볶음 식당 어디,restaurant
오랜만에 쪽문 왔는데 제육볶음 식당 어디,restaurant
오랜만에 학교 왔는데 제육볶음 식당 어디,restaurant
북문 면 음식 잘하는 명가 어디지,restaurant
쪽문 면 음식 잘하는 명가 어디지,restaurant
학교 면 음식 잘하는 명가 어디지,restaurant
북문 근처 면 음식 잘하는 명가 어디지,restaurant
쪽문 근처 면 음식 잘하는 명가 어디지,restaurant
학교 근처 면 음식 잘하는 명가 어디지,restaurant
북문 근처에 면 음식 잘하는 명가 어디지,restaurant
쪽문 근처에 면 음식 잘하는 명가 어디지,restaurant
학교 근처 면 음식 잘하는 명가 어디지,restaurant
북문 주변 면 음식 잘하는 명가 어디지,restaurant
쪽문 주변 면 음식 잘하는 명가 어디지,restaurant
학교 주변 면 음식 잘하는 명가 어디지,restaurant
북문 주변에 면 음식 잘하는 명가 어디지,restaurant
쪽문 주변에 면 음식 잘하는 명가 어디지,restaurant
학교 주변에 면 음식 잘하는 명가 어디지,restaurant
북문 왔는데 면 음식 잘하는 명가 어디지,restaurant
쪽문 왔는데 면 음식 잘하는 명가 어디지,restaurant
학교 왔는데 면 음식 잘하는 명가 어디지,restaurant
북문 주위에 면 음식 잘하는 명가 어디지,restaurant
쪽문 주위에 면 음식 잘하는 명가 어디지,restaurant
학교 주위에 면 음식 잘하는 명가 어디지,restaurant
오늘 북문 왔는데 면 음식 잘하는 명가 어디지,restaurant
오늘 쪽문 왔는데 면 음식 잘하는 명가 어디지,restaurant
오늘 학교 왔는데 면 음식 잘하는 명가 어디지,restaurant
오랜만에 북문 왔는데 면 음식 잘하는 명가 어디지,restaurant
오랜만에 쪽문 왔는데 면 음식 잘하는 명가 어디지,restaurant
오랜만에 학교 왔는데 면 음식 잘하는 명가 어디지,restaurant
북문 불고기 음식점 추천 좀,restaurant
쪽문 불고기 음식점 추천 좀,restaurant
학교 불고기 음식점 추천 좀,restaurant
북문 근처 불고기 음식점 추천 좀,restaurant
쪽문 근처 불고기 음식점 추천 좀,restaurant
학교 근처 불고기 음식점 추천 좀,restaurant
북문 근처에 불고기 음식점 추천 좀,restaurant
쪽문 근처에 불고기 음식점 추천 좀,restaurant
학교 근처 불고기 음식점 추천 좀,restaurant
북문 주변 불고기 음식점 추천 좀,restaurant
쪽문 주변 불고기 음식점 추천 좀,restaurant
학교 주변 불고기 음식점 추천 좀,restaurant
북문 주변에 불고기 음식점 추천 좀,restaurant
쪽문 주변에 불고기 음식점 추천 좀,restaurant
학교 주변에 불고기 음식점 추천 좀,restaurant
북문 왔는데 불고기 음식점 추천 좀,restaurant
쪽문 왔는데 불고기 음식점 추천 좀,restaurant
학교 왔는데 불고기 음식점 추천 좀,restaurant
북문 주위에 불고기 음식점 추천 좀,restaurant
쪽문 주위에 불고기 음식점 추천 좀,restaurant
학교 주위에 불고기 음식점 추천 좀,restaurant
오늘 북문 왔는데 불고기 음식점 추천 좀,restaurant
오늘 쪽문 왔는데 불고기 음식점 추천 좀,restaurant
오늘 학교 왔는데 불고기 음식점 추천 좀,restaurant
오랜만에 북문 왔는데 불고기 음식점 추천 좀,restaurant
오랜만에 쪽문 왔는데 불고기 음식점 추천 좀,restaurant
오랜만에 학교 왔는데 불고기 음식점 추천 좀,restaurant
북문 베트남 음식점 어디,restaurant
쪽문 베트남 음식점 어디,restaurant
학교 베트남 음식점 어디,restaurant
북문 근처 베트남 음식점 어디,restaurant
쪽문 근처 베트남 음식점 어디,restaurant
학교 근처 베트남 음식점 어디,restaurant
북문 근처에 베트남 음식점 어디,restaurant
쪽문 근처에 베트남 음식점 어디,restaurant
학교 근처 베트남 음식점 어디,restaurant
북문 주변 베트남 음식점 어디,restaurant
쪽문 주변 베트남 음식점 어디,restaurant
학교 주변 베트남 음식점 어디,restaurant
북문 주변에 베트남 음식점 어디,restaurant
쪽문 주변에 베트남 음식점 어디,restaurant
학교 주변에 베트남 음식점 어디,restaurant
북문 왔는데 베트남 음식점 어디,restaurant
쪽문 왔는데 베트남 음식점 어디,restaurant
학교 왔는데 베트남 음식점 어디,restaurant
북문 주위에 베트남 음식점 어디,restaurant
쪽문 주위에 베트남 음식점 어디,restaurant
학교 주위에 베트남 음식점 어디,restaurant
오늘 북문 왔는데 베트남 음식점 어디,restaurant
오늘 쪽문 왔는데 베트남 음식점 어디,restaurant
오늘 학교 왔는데 베트남 음식점 어디,restaurant
오랜만에 북문 왔는데 베트남 음식점 어디,restaurant
오랜만에 쪽문 왔는데 베트남 음식점 어디,restaurant
오랜만에 학교 왔는데 베트남 음식점 어디,restaurant
북문 마카롱 먹고싶어 배고파,restaurant
쪽문 마카롱 먹고싶어 배고파,restaurant
학교 마카롱 먹고싶어 배고파,restaurant
북문 근처 마카롱 먹고싶어 배고파,restaurant
쪽문 근처 마카롱 먹고싶어 배고파,restaurant
학교 근처 마카롱 먹고싶어 배고파,restaurant
북문 근처에 마카롱 먹고싶어 배고파,restaurant
쪽문 근처에 마카롱 먹고싶어 배고파,restaurant
학교 근처 마카롱 먹고싶어 배고파,restaurant
북문 주변 마카롱 먹고싶어 배고파,restaurant
쪽문 주변 마카롱 먹고싶어 배고파,restaurant
학교 주변 마카롱 먹고싶어 배고파,restaurant
북문 주변에 마카롱 먹고싶어 배고파,restaurant
쪽문 주변에 마카롱 먹고싶어 배고파,restaurant
학교 주변에 마카롱 먹고싶어 배고파,restaurant
북문 왔는데 마카롱 먹고싶어 배고파,restaurant
쪽문 왔는데 마카롱 먹고싶어 배고파,restaurant
학교 왔는데 마카롱 먹고싶어 배고파,restaurant
북문 주위에 마카롱 먹고싶어 배고파,restaurant
쪽문 주위에 마카롱 먹고싶어 배고파,restaurant
학교 주위에 마카롱 먹고싶어 배고파,restaurant
오늘 북문 왔는데 마카롱 먹고싶어 배고파,restaurant
오늘 쪽문 왔는데 마카롱 먹고싶어 배고파,restaurant
오늘 학교 왔는데 마카롱 먹고싶어 배고파,restaurant
오랜만에 북문 왔는데 마카롱 먹고싶어 배고파,restaurant
오랜만에 쪽문 왔는데 마카롱 먹고싶어 배고파,restaurant
오랜만에 학교 왔는데 마카롱 먹고싶어 배고파,restaurant
북문 달달한 브런치 카페 추천 좀,restaurant
쪽문 달달한 브런치 카페 추천 좀,restaurant
학교 달달한 브런치 카페 추천 좀,restaurant
북문 근처 달달한 브런치 카페 추천 좀,restaurant
쪽문 근처 달달한 브런치 카페 추천 좀,restaurant
학교 근처 달달한 브런치 카페 추천 좀,restaurant
북문 근처에 달달한 브런치 카페 추천 좀,restaurant
쪽문 근처에 달달한 브런치 카페 추천 좀,restaurant
학교 근처 달달한 브런치 카페 추천 좀,restaurant
북문 주변 달달한 브런치 카페 추천 좀,restaurant
쪽문 주변 달달한 브런치 카페 추천 좀,restaurant
학교 주변 달달한 브런치 카페 추천 좀,restaurant
북문 주변에 달달한 브런치 카페 추천 좀,restaurant
쪽문 주변에 달달한 브런치 카페 추천 좀,restaurant
학교 주변에 달달한 브런치 카페 추천 좀,restaurant
북문 왔는데 달달한 브런치 카페 추천 좀,restaurant
쪽문 왔는데 달달한 브런치 카페 추천 좀,restaurant
학교 왔는데 달달한 브런치 카페 추천 좀,restaurant
북문 주위에 달달한 브런치 카페 추천 좀,restaurant
쪽문 주위에 달달한 브런치 카페 추천 좀,restaurant
학교 주위에 달달한 브런치 카페 추천 좀,restaurant
오늘 북문 왔는데 달달한 브런치 카페 추천 좀,restaurant
오늘 쪽문 왔는데 달달한 브런치 카페 추천 좀,restaurant
오늘 학교 왔는데 달달한 브런치 카페 추천 좀,restaurant
오랜만에 북문 왔는데 달달한 브런치 카페 추천 좀,restaurant
오랜만에 쪽문 왔는데 달달한 브런치 카페 추천 좀,restaurant
오랜만에 학교 왔는데 달달한 브런치 카페 추천 좀,restaurant
북문 밀면 명가 알려주겠니,restaurant
쪽문 밀면 명가 알려주겠니,restaurant
학교 밀면 명가 알려주겠니,restaurant
북문 근처 밀면 명가 알려주겠니,restaurant
쪽문 근처 밀면 명가 알려주겠니,restaurant
학교 근처 밀면 명가 알려주겠니,restaurant
북문 근처에 밀면 명가 알려주겠니,restaurant
쪽문 근처에 밀면 명가 알려주겠니,restaurant
학교 근처 밀면 명가 알려주겠니,restaurant
북문 주변 밀면 명가 알려주겠니,restaurant
쪽문 주변 밀면 명가 알려주겠니,restaurant
학교 주변 밀면 명가 알려주겠니,restaurant
북문 주변에 밀면 명가 알려주겠니,restaurant
쪽문 주변에 밀면 명가 알려주겠니,restaurant
학교 주변에 밀면 명가 알려주겠니,restaurant
북문 왔는데 밀면 명가 알려주겠니,restaurant
쪽문 왔는데 밀면 명가 알려주겠니,restaurant
학교 왔는데 밀면 명가 알려주겠니,restaurant
북문 주위에 밀면 명가 알려주겠니,restaurant
쪽문 주위에 밀면 명가 알려주겠니,restaurant
학교 주위에 밀면 명가 알려주겠니,restaurant
오늘 북문 왔는데 밀면 명가 알려주겠니,restaurant
오늘 쪽문 왔는데 밀면 명가 알려주겠니,restaurant
오늘 학교 왔는데 밀면 명가 알려주겠니,restaurant
오랜만에 북문 왔는데 밀면 명가 알려주겠니,restaurant
오랜만에 쪽문 왔는데 밀면 명가 알려주겠니,restaurant
오랜만에 학교 왔는데 밀면 명가 알려주겠니,restaurant
북문 냉모밀 잘하는 명소 주변 있니,restaurant
쪽문 냉모밀 잘하는 명소 주변 있니,restaurant
학교 냉모밀 잘하는 명소 주변 있니,restaurant
북문 근처 냉모밀 잘하는 명소 주변 있니,restaurant
쪽문 근처 냉모밀 잘하는 명소 주변 있니,restaurant
학교 근처 냉모밀 잘하는 명소 주변 있니,restaurant
북문 근처에 냉모밀 잘하는 명소 주변 있니,restaurant
쪽문 근처에 냉모밀 잘하는 명소 주변 있니,restaurant
학교 근처 냉모밀 잘하는 명소 주변 있니,restaurant
북문 주변 냉모밀 잘하는 명소 주변 있니,restaurant
쪽문 주변 냉모밀 잘하는 명소 주변 있니,restaurant
학교 주변 냉모밀 잘하는 명소 주변 있니,restaurant
북문 주변에 냉모밀 잘하는 명소 주변 있니,restaurant
쪽문 주변에 냉모밀 잘하는 명소 주변 있니,restaurant
학교 주변에 냉모밀 잘하는 명소 주변 있니,restaurant
북문 왔는데 냉모밀 잘하는 명소 주변 있니,restaurant
쪽문 왔는데 냉모밀 잘하는 명소 주변 있니,restaurant
학교 왔는데 냉모밀 잘하는 명소 주변 있니,restaurant
북문 주위에 냉모밀 잘하는 명소 주변 있니,restaurant
쪽문 주위에 냉모밀 잘하는 명소 주변 있니,restaurant
학교 주위에 냉모밀 잘하는 명소 주변 있니,restaurant
오늘 북문 왔는데 냉모밀 잘하는 명소 주변 있니,restaurant
오늘 쪽문 왔는데 냉모밀 잘하는 명소 주변 있니,restaurant
오늘 학교 왔는데 냉모밀 잘하는 명소 주변 있니,restaurant
오랜만에 북문 왔는데 냉모밀 잘하는 명소 주변 있니,restaurant
오랜만에 쪽문 왔는데 냉모밀 잘하는 명소 주변 있니,restaurant
오랜만에 학교 왔는데 냉모밀 잘하는 명소 주변 있니,restaurant
북문 비빔냉면 명소 추천해줘,restaurant
쪽문 비빔냉면 명소 추천해줘,restaurant
학교 비빔냉면 명소 추천해줘,restaurant
북문 근처 비빔냉면 명소 추천해줘,restaurant
쪽문 근처 비빔냉면 명소 추천해줘,restaurant
학교 근처 비빔냉면 명소 추천해줘,restaurant
북문 근처에 비빔냉면 명소 추천해줘,restaurant
쪽문 근처에 비빔냉면 명소 추천해줘,restaurant
학교 근처 비빔냉면 명소 추천해줘,restaurant
북문 주변 비빔냉면 명소 추천해줘,restaurant
쪽문 주변 비빔냉면 명소 추천해줘,restaurant
학교 주변 비빔냉면 명소 추천해줘,restaurant
북문 주변에 비빔냉면 명소 추천해줘,restaurant
쪽문 주변에 비빔냉면 명소 추천해줘,restaurant
학교 주변에 비빔냉면 명소 추천해줘,restaurant
북문 왔는데 비빔냉면 명소 추천해줘,restaurant
쪽문 왔는데 비빔냉면 명소 추천해줘,restaurant
학교 왔는데 비빔냉면 명소 추천해줘,restaurant
북문 주위에 비빔냉면 명소 추천해줘,restaurant
쪽문 주위에 비빔냉면 명소 추천해줘,restaurant
학교 주위에 비빔냉면 명소 추천해줘,restaurant
오늘 북문 왔는데 비빔냉면 명소 추천해줘,restaurant
오늘 쪽문 왔는데 비빔냉면 명소 추천해줘,restaurant
오늘 학교 왔는데 비빔냉면 명소 추천해줘,restaurant
오랜만에 북문 왔는데 비빔냉면 명소 추천해줘,restaurant
오랜만에 쪽문 왔는데 비빔냉면 명소 추천해줘,restaurant
오랜만에 학교 왔는데 비빔냉면 명소 추천해줘,restaurant
북문 시원한 물냉면 먹고싶어,restaurant
쪽문 시원한 물냉면 먹고싶어,restaurant
학교 시원한 물냉면 먹고싶어,restaurant
북문 근처 시원한 물냉면 먹고싶어,restaurant
쪽문 근처 시원한 물냉면 먹고싶어,restaurant
학교 근처 시원한 물냉면 먹고싶어,restaurant
북문 근처에 시원한 물냉면 먹고싶어,restaurant
쪽문 근처에 시원한 물냉면 먹고싶어,restaurant
학교 근처 시원한 물냉면 먹고싶어,restaurant
북문 주변 시원한 물냉면 먹고싶어,restaurant
쪽문 주변 시원한 물냉면 먹고싶어,restaurant
학교 주변 시원한 물냉면 먹고싶어,restaurant
북문 주변에 시원한 물냉면 먹고싶어,restaurant
쪽문 주변에 시원한 물냉면 먹고싶어,restaurant
학교 주변에 시원한 물냉면 먹고싶어,restaurant
북문 왔는데 시원한 물냉면 먹고싶어,restaurant
쪽문 왔는데 시원한 물냉면 먹고싶어,restaurant
학교 왔는데 시원한 물냉면 먹고싶어,restaurant
북문 주위에 시원한 물냉면 먹고싶어,restaurant
쪽문 주위에 시원한 물냉면 먹고싶어,restaurant
학교 주위에 시원한 물냉면 먹고싶어,restaurant
오늘 북문 왔는데 시원한 물냉면 먹고싶어,restaurant
오늘 쪽문 왔는데 시원한 물냉면 먹고싶어,restaurant
오늘 학교 왔는데 시원한 물냉면 먹고싶어,restaurant
오랜만에 북문 왔는데 시원한 물냉면 먹고싶어,restaurant
오랜만에 쪽문 왔는데 시원한 물냉면 먹고싶어,restaurant
오랜만에 학교 왔는데 시원한 물냉면 먹고싶어,restaurant
북문 곱창 먹고싶어 배고파,restaurant
쪽문 곱창 먹고싶어 배고파,restaurant
학교 곱창 먹고싶어 배고파,restaurant
북문 근처 곱창 먹고싶어 배고파,restaurant
쪽문 근처 곱창 먹고싶어 배고파,restaurant
학교 근처 곱창 먹고싶어 배고파,restaurant
북문 근처에 곱창 먹고싶어 배고파,restaurant
쪽문 근처에 곱창 먹고싶어 배고파,restaurant
학교 근처 곱창 먹고싶어 배고파,restaurant
북문 주변 곱창 먹고싶어 배고파,restaurant
쪽문 주변 곱창 먹고싶어 배고파,restaurant
학교 주변 곱창 먹고싶어 배고파,restaurant
북문 주변에 곱창 먹고싶어 배고파,restaurant
쪽문 주변에 곱창 먹고싶어 배고파,restaurant
학교 주변에 곱창 먹고싶어 배고파,restaurant
북문 왔는데 곱창 먹고싶어 배고파,restaurant
쪽문 왔는데 곱창 먹고싶어 배고파,restaurant
학교 왔는데 곱창 먹고싶어 배고파,restaurant
북문 주위에 곱창 먹고싶어 배고파,restaurant
쪽문 주위에 곱창 먹고싶어 배고파,restaurant
학교 주위에 곱창 먹고싶어 배고파,restaurant
오늘 북문 왔는데 곱창 먹고싶어 배고파,restaurant
오늘 쪽문 왔는데 곱창 먹고싶어 배고파,restaurant
오늘 학교 왔는데 곱창 먹고싶어 배고파,restaurant
오랜만에 북문 왔는데 곱창 먹고싶어 배고파,restaurant
오랜만에 쪽문 왔는데 곱창 먹고싶어 배고파,restaurant
오랜만에 학교 왔는데 곱창 먹고싶어 배고파,restaurant
북문 시원한 맥주 잘하는 명소 어디니,restaurant
쪽문 시원한 맥주 잘하는 명소 어디니,restaurant
학교 시원한 맥주 잘하는 명소 어디니,restaurant
북문 근처 시원한 맥주 잘하는 명소 어디니,restaurant
쪽문 근처 시원한 맥주 잘하는 명소 어디니,restaurant
학교 근처 시원한 맥주 잘하는 명소 어디니,restaurant
북문 근처에 시원한 맥주 잘하는 명소 어디니,restaurant
쪽문 근처에 시원한 맥주 잘하는 명소 어디니,restaurant
학교 근처 시원한 맥주 잘하는 명소 어디니,restaurant
북문 주변 시원한 맥주 잘하는 명소 어디니,restaurant
쪽문 주변 시원한 맥주 잘하는 명소 어디니,restaurant
학교 주변 시원한 맥주 잘하는 명소 어디니,restaurant
북문 주변에 시원한 맥주 잘하는 명소 어디니,restaurant
쪽문 주변에 시원한 맥주 잘하는 명소 어디니,restaurant
학교 주변에 시원한 맥주 잘하는 명소 어디니,restaurant
북문 왔는데 시원한 맥주 잘하는 명소 어디니,restaurant
쪽문 왔는데 시원한 맥주 잘하는 명소 어디니,restaurant
학교 왔는데 시원한 맥주 잘하는 명소 어디니,restaurant
북문 주위에 시원한 맥주 잘하는 명소 어디니,restaurant
쪽문 주위에 시원한 맥주 잘하는 명소 어디니,restaurant
학교 주위에 시원한 맥주 잘하는 명소 어디니,restaurant
오늘 북문 왔는데 시원한 맥주 잘하는 명소 어디니,restaurant
오늘 쪽문 왔는데 시원한 맥주 잘하는 명소 어디니,restaurant
오늘 학교 왔는데 시원한 맥주 잘하는 명소 어디니,restaurant
오랜만에 북문 왔는데 시원한 맥주 잘하는 명소 어디니,restaurant
오랜만에 쪽문 왔는데 시원한 맥주 잘하는 명소 어디니,restaurant
오랜만에 학교 왔는데 시원한 맥주 잘하는 명소 어디니,restaurant
북문 옥수수 먹고싶어 배고파,restaurant
쪽문 옥수수 먹고싶어 배고파,restaurant
학교 옥수수 먹고싶어 배고파,restaurant
북문 근처 옥수수 먹고싶어 배고파,restaurant
쪽문 근처 옥수수 먹고싶어 배고파,restaurant
학교 근처 옥수수 먹고싶어 배고파,restaurant
북문 근처에 옥수수 먹고싶어 배고파,restaurant
쪽문 근처에 옥수수 먹고싶어 배고파,restaurant
학교 근처 옥수수 먹고싶어 배고파,restaurant
북문 주변 옥수수 먹고싶어 배고파,restaurant
쪽문 주변 옥수수 먹고싶어 배고파,restaurant
학교 주변 옥수수 먹고싶어 배고파,restaurant
북문 주변에 옥수수 먹고싶어 배고파,restaurant
쪽문 주변에 옥수수 먹고싶어 배고파,restaurant
학교 주변에 옥수수 먹고싶어 배고파,restaurant
북문 왔는데 옥수수 먹고싶어 배고파,restaurant
쪽문 왔는데 옥수수 먹고싶어 배고파,restaurant
학교 왔는데 옥수수 먹고싶어 배고파,restaurant
북문 주위에 옥수수 먹고싶어 배고파,restaurant
쪽문 주위에 옥수수 먹고싶어 배고파,restaurant
학교 주위에 옥수수 먹고싶어 배고파,restaurant
오늘 북문 왔는데 옥수수 먹고싶어 배고파,restaurant
오늘 쪽문 왔는데 옥수수 먹고싶어 배고파,restaurant
오늘 학교 왔는데 옥수수 먹고싶어 배고파,restaurant
오랜만에 북문 왔는데 옥수수 먹고싶어 배고파,restaurant
오랜만에 쪽문 왔는데 옥수수 먹고싶어 배고파,restaurant
오랜만에 학교 왔는데 옥수수 먹고싶어 배고파,restaurant
북문 대창 명소 추천해줄래,restaurant
쪽문 대창 명소 추천해줄래,restaurant
학교 대창 명소 추천해줄래,restaurant
북문 근처 대창 명소 추천해줄래,restaurant
쪽문 근처 대창 명소 추천해줄래,restaurant
학교 근처 대창 명소 추천해줄래,restaurant
북문 근처에 대창 명소 추천해줄래,restaurant
쪽문 근처에 대창 명소 추천해줄래,restaurant
학교 근처 대창 명소 추천해줄래,restaurant
북문 주변 대창 명소 추천해줄래,restaurant
쪽문 주변 대창 명소 추천해줄래,restaurant
학교 주변 대창 명소 추천해줄래,restaurant
북문 주변에 대창 명소 추천해줄래,restaurant
쪽문 주변에 대창 명소 추천해줄래,restaurant
학교 주변에 대창 명소 추천해줄래,restaurant
북문 왔는데 대창 명소 추천해줄래,restaurant
쪽문 왔는데 대창 명소 추천해줄래,restaurant
학교 왔는데 대창 명소 추천해줄래,restaurant
북문 주위에 대창 명소 추천해줄래,restaurant
쪽문 주위에 대창 명소 추천해줄래,restaurant
학교 주위에 대창 명소 추천해줄래,restaurant
오늘 북문 왔는데 대창 명소 추천해줄래,restaurant
오늘 쪽문 왔는데 대창 명소 추천해줄래,restaurant
오늘 학교 왔는데 대창 명소 추천해줄래,restaurant
오랜만에 북문 왔는데 대창 명소 추천해줄래,restaurant
오랜만에 쪽문 왔는데 대창 명소 추천해줄래,restaurant
오랜만에 학교 왔는데 대창 명소 추천해줄래,restaurant
북문 양대창 먹고싶네,restaurant
쪽문 양대창 먹고싶네,restaurant
학교 양대창 먹고싶네,restaurant
북문 근처 양대창 먹고싶네,restaurant
쪽문 근처 양대창 먹고싶네,restaurant
학교 근처 양대창 먹고싶네,restaurant
북문 근처에 양대창 먹고싶네,restaurant
쪽문 근처에 양대창 먹고싶네,restaurant
학교 근처 양대창 먹고싶네,restaurant
북문 주변 양대창 먹고싶네,restaurant
쪽문 주변 양대창 먹고싶네,restaurant
학교 주변 양대창 먹고싶네,restaurant
북문 주변에 양대창 먹고싶네,restaurant
쪽문 주변에 양대창 먹고싶네,restaurant
학교 주변에 양대창 먹고싶네,restaurant
북문 왔는데 양대창 먹고싶네,restaurant
쪽문 왔는데 양대창 먹고싶네,restaurant
학교 왔는데 양대창 먹고싶네,restaurant
북문 주위에 양대창 먹고싶네,restaurant
쪽문 주위에 양대창 먹고싶네,restaurant
학교 주위에 양대창 먹고싶네,restaurant
오늘 북문 왔는데 양대창 먹고싶네,restaurant
오늘 쪽문 왔는데 양대창 먹고싶네,restaurant
오늘 학교 왔는데 양대창 먹고싶네,restaurant
오랜만에 북문 왔는데 양대창 먹고싶네,restaurant
오랜만에 쪽문 왔는데 양대창 먹고싶네,restaurant
오랜만에 학교 왔는데 양대창 먹고싶네,restaurant
북문 냉면 명소 추천해줘,restaurant
쪽문 냉면 명소 추천해줘,restaurant
학교 냉면 명소 추천해줘,restaurant
북문 근처 냉면 명소 추천해줘,restaurant
쪽문 근처 냉면 명소 추천해줘,restaurant
학교 근처 냉면 명소 추천해줘,restaurant
북문 근처에 냉면 명소 추천해줘,restaurant
쪽문 근처에 냉면 명소 추천해줘,restaurant
학교 근처 냉면 명소 추천해줘,restaurant
북문 주변 냉면 명소 추천해줘,restaurant
쪽문 주변 냉면 명소 추천해줘,restaurant
학교 주변 냉면 명소 추천해줘,restaurant
북문 주변에 냉면 명소 추천해줘,restaurant
쪽문 주변에 냉면 명소 추천해줘,restaurant
학교 주변에 냉면 명소 추천해줘,restaurant
북문 왔는데 냉면 명소 추천해줘,restaurant
쪽문 왔는데 냉면 명소 추천해줘,restaurant
학교 왔는데 냉면 명소 추천해줘,restaurant
북문 주위에 냉면 명소 추천해줘,restaurant
쪽문 주위에 냉면 명소 추천해줘,restaurant
학교 주위에 냉면 명소 추천해줘,restaurant
오늘 북문 왔는데 냉면 명소 추천해줘,restaurant
오늘 쪽문 왔는데 냉면 명소 추천해줘,restaurant
오늘 학교 왔는데 냉면 명소 추천해줘,restaurant
오랜만에 북문 왔는데 냉면 명소 추천해줘,restaurant
오랜만에 쪽문 왔는데 냉면 명소 추천해줘,restaurant
오랜만에 학교 왔는데 냉면 명소 추천해줘,restaurant
북문 돼지국밥 추천해줘,restaurant
쪽문 돼지국밥 추천해줘,restaurant
학교 돼지국밥 추천해줘,restaurant
북문 근처 돼지국밥 추천해줘,restaurant
쪽문 근처 돼지국밥 추천해줘,restaurant
학교 근처 돼지국밥 추천해줘,restaurant
북문 근처에 돼지국밥 추천해줘,restaurant
쪽문 근처에 돼지국밥 추천해줘,restaurant
학교 근처 돼지국밥 추천해줘,restaurant
북문 주변 돼지국밥 추천해줘,restaurant
쪽문 주변 돼지국밥 추천해줘,restaurant
학교 주변 돼지국밥 추천해줘,restaurant
북문 주변에 돼지국밥 추천해줘,restaurant
쪽문 주변에 돼지국밥 추천해줘,restaurant
학교 주변에 돼지국밥 추천해줘,restaurant
북문 왔는데 돼지국밥 추천해줘,restaurant
쪽문 왔는데 돼지국밥 추천해줘,restaurant
학교 왔는데 돼지국밥 추천해줘,restaurant
북문 주위에 돼지국밥 추천해줘,restaurant
쪽문 주위에 돼지국밥 추천해줘,restaurant
학교 주위에 돼지국밥 추천해줘,restaurant
오늘 북문 왔는데 돼지국밥 추천해줘,restaurant
오늘 쪽문 왔는데 돼지국밥 추천해줘,restaurant
오늘 학교 왔는데 돼지국밥 추천해줘,restaurant
오랜만에 북문 왔는데 돼지국밥 추천해줘,restaurant
오랜만에 쪽문 왔는데 돼지국밥 추천해줘,restaurant
오랜만에 학교 왔는데 돼지국밥 추천해줘,restaurant
북문 콩나물국밥 먹고싶은데 명소 있니,restaurant
쪽문 콩나물국밥 먹고싶은데 명소 있니,restaurant
학교 콩나물국밥 먹고싶은데 명소 있니,restaurant
북문 근처 콩나물국밥 먹고싶은데 명소 있니,restaurant
쪽문 근처 콩나물국밥 먹고싶은데 명소 있니,restaurant
학교 근처 콩나물국밥 먹고싶은데 명소 있니,restaurant
북문 근처에 콩나물국밥 먹고싶은데 명소 있니,restaurant
쪽문 근처에 콩나물국밥 먹고싶은데 명소 있니,restaurant
학교 근처 콩나물국밥 먹고싶은데 명소 있니,restaurant
북문 주변 콩나물국밥 먹고싶은데 명소 있니,restaurant
쪽문 주변 콩나물국밥 먹고싶은데 명소 있니,restaurant
학교 주변 콩나물국밥 먹고싶은데 명소 있니,restaurant
북문 주변에 콩나물국밥 먹고싶은데 명소 있니,restaurant
쪽문 주변에 콩나물국밥 먹고싶은데 명소 있니,restaurant
학교 주변에 콩나물국밥 먹고싶은데 명소 있니,restaurant
북문 왔는데 콩나물국밥 먹고싶은데 명소 있니,restaurant
쪽문 왔는데 콩나물국밥 먹고싶은데 명소 있니,restaurant
학교 왔는데 콩나물국밥 먹고싶은데 명소 있니,restaurant
북문 주위에 콩나물국밥 먹고싶은데 명소 있니,restaurant
쪽문 주위에 콩나물국밥 먹고싶은데 명소 있니,restaurant
학교 주위에 콩나물국밥 먹고싶은데 명소 있니,restaurant
오늘 북문 왔는데 콩나물국밥 먹고싶은데 명소 있니,restaurant
오늘 쪽문 왔는데 콩나물국밥 먹고싶은데 명소 있니,restaurant
오늘 학교 왔는데 콩나물국밥 먹고싶은데 명소 있니,restaurant
오랜만에 북문 왔는데 콩나물국밥 먹고싶은데 명소 있니,restaurant
오랜만에 쪽문 왔는데 콩나물국밥 먹고싶은데 명소 있니,restaurant
오랜만에 학교 왔는데 콩나물국밥 먹고싶은데 명소 있니,restaurant
북문 타코 먹고싶어 배고파,restaurant
쪽문 타코 먹고싶어 배고파,restaurant
학교 타코 먹고싶어 배고파,restaurant
북문 근처 타코 먹고싶어 배고파,restaurant
쪽문 근처 타코 먹고싶어 배고파,restaurant
학교 근처 타코 먹고싶어 배고파,restaurant
북문 근처에 타코 먹고싶어 배고파,restaurant
쪽문 근처에 타코 먹고싶어 배고파,restaurant
학교 근처 타코 먹고싶어 배고파,restaurant
북문 주변 타코 먹고싶어 배고파,restaurant
쪽문 주변 타코 먹고싶어 배고파,restaurant
학교 주변 타코 먹고싶어 배고파,restaurant
북문 주변에 타코 먹고싶어 배고파,restaurant
쪽문 주변에 타코 먹고싶어 배고파,restaurant
학교 주변에 타코 먹고싶어 배고파,restaurant
북문 왔는데 타코 먹고싶어 배고파,restaurant
쪽문 왔는데 타코 먹고싶어 배고파,restaurant
학교 왔는데 타코 먹고싶어 배고파,restaurant
북문 주위에 타코 먹고싶어 배고파,restaurant
쪽문 주위에 타코 먹고싶어 배고파,restaurant
학교 주위에 타코 먹고싶어 배고파,restaurant
오늘 북문 왔는데 타코 먹고싶어 배고파,restaurant
오늘 쪽문 왔는데 타코 먹고싶어 배고파,restaurant
오늘 학교 왔는데 타코 먹고싶어 배고파,restaurant
오랜만에 북문 왔는데 타코 먹고싶어 배고파,restaurant
오랜만에 쪽문 왔는데 타코 먹고싶어 배고파,restaurant
오랜만에 학교 왔는데 타코 먹고싶어 배고파,restaurant
북문 순대국밥 잘하는 밥집 있니,restaurant
쪽문 순대국밥 잘하는 밥집 있니,restaurant
학교 순대국밥 잘하는 밥집 있니,restaurant
북문 근처 순대국밥 잘하는 밥집 있니,restaurant
쪽문 근처 순대국밥 잘하는 밥집 있니,restaurant
학교 근처 순대국밥 잘하는 밥집 있니,restaurant
북문 근처에 순대국밥 잘하는 밥집 있니,restaurant
쪽문 근처에 순대국밥 잘하는 밥집 있니,restaurant
학교 근처 순대국밥 잘하는 밥집 있니,restaurant
북문 주변 순대국밥 잘하는 밥집 있니,restaurant
쪽문 주변 순대국밥 잘하는 밥집 있니,restaurant
학교 주변 순대국밥 잘하는 밥집 있니,restaurant
북문 주변에 순대국밥 잘하는 밥집 있니,restaurant
쪽문 주변에 순대국밥 잘하는 밥집 있니,restaurant
학교 주변에 순대국밥 잘하는 밥집 있니,restaurant
북문 왔는데 순대국밥 잘하는 밥집 있니,restaurant
쪽문 왔는데 순대국밥 잘하는 밥집 있니,restaurant
학교 왔는데 순대국밥 잘하는 밥집 있니,restaurant
북문 주위에 순대국밥 잘하는 밥집 있니,restaurant
쪽문 주위에 순대국밥 잘하는 밥집 있니,restaurant
학교 주위에 순대국밥 잘하는 밥집 있니,restaurant
오늘 북문 왔는데 순대국밥 잘하는 밥집 있니,restaurant
오늘 쪽문 왔는데 순대국밥 잘하는 밥집 있니,restaurant
오늘 학교 왔는데 순대국밥 잘하는 밥집 있니,restaurant
오랜만에 북문 왔는데 순대국밥 잘하는 밥집 있니,restaurant
오랜만에 쪽문 왔는데 순대국밥 잘하는 밥집 있니,restaurant
오랜만에 학교 왔는데 순대국밥 잘하는 밥집 있니,restaurant
북문 인도음식 먹고싶어지네,restaurant
쪽문 인도음식 먹고싶어지네,restaurant
학교 인도음식 먹고싶어지네,restaurant
북문 근처 인도음식 먹고싶어지네,restaurant
쪽문 근처 인도음식 먹고싶어지네,restaurant
학교 근처 인도음식 먹고싶어지네,restaurant
북문 근처에 인도음식 먹고싶어지네,restaurant
쪽문 근처에 인도음식 먹고싶어지네,restaurant
학교 근처 인도음식 먹고싶어지네,restaurant
북문 주변 인도음식 먹고싶어지네,restaurant
쪽문 주변 인도음식 먹고싶어지네,restaurant
학교 주변 인도음식 먹고싶어지네,restaurant
북문 주변에 인도음식 먹고싶어지네,restaurant
쪽문 주변에 인도음식 먹고싶어지네,restaurant
학교 주변에 인도음식 먹고싶어지네,restaurant
북문 왔는데 인도음식 먹고싶어지네,restaurant
쪽문 왔는데 인도음식 먹고싶어지네,restaurant
학교 왔는데 인도음식 먹고싶어지네,restaurant
북문 주위에 인도음식 먹고싶어지네,restaurant
쪽문 주위에 인도음식 먹고싶어지네,restaurant
학교 주위에 인도음식 먹고싶어지네,restaurant
오늘 북문 왔는데 인도음식 먹고싶어지네,restaurant
오늘 쪽문 왔는데 인도음식 먹고싶어지네,restaurant
오늘 학교 왔는데 인도음식 먹고싶어지네,restaurant
오랜만에 북문 왔는데 인도음식 먹고싶어지네,restaurant
오랜만에 쪽문 왔는데 인도음식 먹고싶어지네,restaurant
오랜만에 학교 왔는데 인도음식 먹고싶어지네,restaurant
북문 밀면 명소,restaurant
쪽문 밀면 명소,restaurant
학교 밀면 명소,restaurant
북문 근처 밀면 명소,restaurant
쪽문 근처 밀면 명소,restaurant
학교 근처 밀면 명소,restaurant
북문 근처에 밀면 명소,restaurant
쪽문 근처에 밀면 명소,restaurant
학교 근처 밀면 명소,restaurant
북문 주변 밀면 명소,restaurant
쪽문 주변 밀면 명소,restaurant
학교 주변 밀면 명소,restaurant
북문 주변에 밀면 명소,restaurant
쪽문 주변에 밀면 명소,restaurant
학교 주변에 밀면 명소,restaurant
북문 왔는데 밀면 명소,restaurant
쪽문 왔는데 밀면 명소,restaurant
학교 왔는데 밀면 명소,restaurant
북문 주위에 밀면 명소,restaurant
쪽문 주위에 밀면 명소,restaurant
학교 주위에 밀면 명소,restaurant
오늘 북문 왔는데 밀면 명소,restaurant
오늘 쪽문 왔는데 밀면 명소,restaurant
오늘 학교 왔는데 밀면 명소,restaurant
오랜만에 북문 왔는데 밀면 명소,restaurant
오랜만에 쪽문 왔는데 밀면 명소,restaurant
오랜만에 학교 왔는데 밀면 명소,restaurant
북문 쫄면 먹고싶어 배고파,restaurant
쪽문 쫄면 먹고싶어 배고파,restaurant
학교 쫄면 먹고싶어 배고파,restaurant
북문 근처 쫄면 먹고싶어 배고파,restaurant
쪽문 근처 쫄면 먹고싶어 배고파,restaurant
학교 근처 쫄면 먹고싶어 배고파,restaurant
북문 근처에 쫄면 먹고싶어 배고파,restaurant
쪽문 근처에 쫄면 먹고싶어 배고파,restaurant
학교 근처 쫄면 먹고싶어 배고파,restaurant
북문 주변 쫄면 먹고싶어 배고파,restaurant
쪽문 주변 쫄면 먹고싶어 배고파,restaurant
학교 주변 쫄면 먹고싶어 배고파,restaurant
북문 주변에 쫄면 먹고싶어 배고파,restaurant
쪽문 주변에 쫄면 먹고싶어 배고파,restaurant
학교 주변에 쫄면 먹고싶어 배고파,restaurant
북문 왔는데 쫄면 먹고싶어 배고파,restaurant
쪽문 왔는데 쫄면 먹고싶어 배고파,restaurant
학교 왔는데 쫄면 먹고싶어 배고파,restaurant
북문 주위에 쫄면 먹고싶어 배고파,restaurant
쪽문 주위에 쫄면 먹고싶어 배고파,restaurant
학교 주위에 쫄면 먹고싶어 배고파,restaurant
오늘 북문 왔는데 쫄면 먹고싶어 배고파,restaurant
오늘 쪽문 왔는데 쫄면 먹고싶어 배고파,restaurant
오늘 학교 왔는데 쫄면 먹고싶어 배고파,restaurant
오랜만에 북문 왔는데 쫄면 먹고싶어 배고파,restaurant
오랜만에 쪽문 왔는데 쫄면 먹고싶어 배고파,restaurant
오랜만에 학교 왔는데 쫄면 먹고싶어 배고파,restaurant
북문 오리고기 명소 추천해줘,restaurant
쪽문 오리고기 명소 추천해줘,restaurant
학교 오리고기 명소 추천해줘,restaurant
북문 근처 오리고기 명소 추천해줘,restaurant
쪽문 근처 오리고기 명소 추천해줘,restaurant
학교 근처 오리고기 명소 추천해줘,restaurant
북문 근처에 오리고기 명소 추천해줘,restaurant
쪽문 근처에 오리고기 명소 추천해줘,restaurant
학교 근처 오리고기 명소 추천해줘,restaurant
북문 주변 오리고기 명소 추천해줘,restaurant
쪽문 주변 오리고기 명소 추천해줘,restaurant
학교 주변 오리고기 명소 추천해줘,restaurant
북문 주변에 오리고기 명소 추천해줘,restaurant
쪽문 주변에 오리고기 명소 추천해줘,restaurant
학교 주변에 오리고기 명소 추천해줘,restaurant
북문 왔는데 오리고기 명소 추천해줘,restaurant
쪽문 왔는데 오리고기 명소 추천해줘,restaurant
학교 왔는데 오리고기 명소 추천해줘,restaurant
북문 주위에 오리고기 명소 추천해줘,restaurant
쪽문 주위에 오리고기 명소 추천해줘,restaurant
학교 주위에 오리고기 명소 추천해줘,restaurant
오늘 북문 왔는데 오리고기 명소 추천해줘,restaurant
오늘 쪽문 왔는데 오리고기 명소 추천해줘,restaurant
오늘 학교 왔는데 오리고기 명소 추천해줘,restaurant
오랜만에 북문 왔는데 오리고기 명소 추천해줘,restaurant
오랜만에 쪽문 왔는데 오리고기 명소 추천해줘,restaurant
오랜만에 학교 왔는데 오리고기 명소 추천해줘,restaurant
북문 꽃게탕 명소 어디니,restaurant
쪽문 꽃게탕 명소 어디니,restaurant
학교 꽃게탕 명소 어디니,restaurant
북문 근처 꽃게탕 명소 어디니,restaurant
쪽문 근처 꽃게탕 명소 어디니,restaurant
학교 근처 꽃게탕 명소 어디니,restaurant
북문 근처에 꽃게탕 명소 어디니,restaurant
쪽문 근처에 꽃게탕 명소 어디니,restaurant
학교 근처 꽃게탕 명소 어디니,restaurant
북문 주변 꽃게탕 명소 어디니,restaurant
쪽문 주변 꽃게탕 명소 어디니,restaurant
학교 주변 꽃게탕 명소 어디니,restaurant
북문 주변에 꽃게탕 명소 어디니,restaurant
쪽문 주변에 꽃게탕 명소 어디니,restaurant
학교 주변에 꽃게탕 명소 어디니,restaurant
북문 왔는데 꽃게탕 명소 어디니,restaurant
쪽문 왔는데 꽃게탕 명소 어디니,restaurant
학교 왔는데 꽃게탕 명소 어디니,restaurant
북문 주위에 꽃게탕 명소 어디니,restaurant
쪽문 주위에 꽃게탕 명소 어디니,restaurant
학교 주위에 꽃게탕 명소 어디니,restaurant
오늘 북문 왔는데 꽃게탕 명소 어디니,restaurant
오늘 쪽문 왔는데 꽃게탕 명소 어디니,restaurant
오늘 학교 왔는데 꽃게탕 명소 어디니,restaurant
오랜만에 북문 왔는데 꽃게탕 명소 어디니,restaurant
오랜만에 쪽문 왔는데 꽃게탕 명소 어디니,restaurant
오랜만에 학교 왔는데 꽃게탕 명소 어디니,restaurant
북문 타코야끼 음식점 어디,restaurant
쪽문 타코야끼 음식점 어디,restaurant
학교 타코야끼 음식점 어디,restaurant
북문 근처 타코야끼 음식점 어디,restaurant
쪽문 근처 타코야끼 음식점 어디,restaurant
학교 근처 타코야끼 음식점 어디,restaurant
북문 근처에 타코야끼 음식점 어디,restaurant
쪽문 근처에 타코야끼 음식점 어디,restaurant
학교 근처 타코야끼 음식점 어디,restaurant
북문 주변 타코야끼 음식점 어디,restaurant
쪽문 주변 타코야끼 음식점 어디,restaurant
학교 주변 타코야끼 음식점 어디,restaurant
북문 주변에 타코야끼 음식점 어디,restaurant
쪽문 주변에 타코야끼 음식점 어디,restaurant
학교 주변에 타코야끼 음식점 어디,restaurant
북문 왔는데 타코야끼 음식점 어디,restaurant
쪽문 왔는데 타코야끼 음식점 어디,restaurant
학교 왔는데 타코야끼 음식점 어디,restaurant
북문 주위에 타코야끼 음식점 어디,restaurant
쪽문 주위에 타코야끼 음식점 어디,restaurant
학교 주위에 타코야끼 음식점 어디,restaurant
오늘 북문 왔는데 타코야끼 음식점 어디,restaurant
오늘 쪽문 왔는데 타코야끼 음식점 어디,restaurant
오늘 학교 왔는데 타코야끼 음식점 어디,restaurant
오랜만에 북문 왔는데 타코야끼 음식점 어디,restaurant
오랜만에 쪽문 왔는데 타코야끼 음식점 어디,restaurant
오랜만에 학교 왔는데 타코야끼 음식점 어디,restaurant
북문 샌드위치 잘하는 코스요리 어디니,restaurant
쪽문 샌드위치 잘하는 코스요리 어디니,restaurant
학교 샌드위치 잘하는 코스요리 어디니,restaurant
북문 근처 샌드위치 잘하는 코스요리 어디니,restaurant
쪽문 근처 샌드위치 잘하는 코스요리 어디니,restaurant
학교 근처 샌드위치 잘하는 코스요리 어디니,restaurant
북문 근처에 샌드위치 잘하는 코스요리 어디니,restaurant
쪽문 근처에 샌드위치 잘하는 코스요리 어디니,restaurant
학교 근처 샌드위치 잘하는 코스요리 어디니,restaurant
북문 주변 샌드위치 잘하는 코스요리 어디니,restaurant
쪽문 주변 샌드위치 잘하는 코스요리 어디니,restaurant
학교 주변 샌드위치 잘하는 코스요리 어디니,restaurant
북문 주변에 샌드위치 잘하는 코스요리 어디니,restaurant
쪽문 주변에 샌드위치 잘하는 코스요리 어디니,restaurant
학교 주변에 샌드위치 잘하는 코스요리 어디니,restaurant
북문 왔는데 샌드위치 잘하는 코스요리 어디니,restaurant
쪽문 왔는데 샌드위치 잘하는 코스요리 어디니,restaurant
학교 왔는데 샌드위치 잘하는 코스요리 어디니,restaurant
북문 주위에 샌드위치 잘하는 코스요리 어디니,restaurant
쪽문 주위에 샌드위치 잘하는 코스요리 어디니,restaurant
학교 주위에 샌드위치 잘하는 코스요리 어디니,restaurant
오늘 북문 왔는데 샌드위치 잘하는 코스요리 어디니,restaurant
오늘 쪽문 왔는데 샌드위치 잘하는 코스요리 어디니,restaurant
오늘 학교 왔는데 샌드위치 잘하는 코스요리 어디니,restaurant
오랜만에 북문 왔는데 샌드위치 잘하는 코스요리 어디니,restaurant
오랜만에 쪽문 왔는데 샌드위치 잘하는 코스요리 어디니,restaurant
오랜만에 학교 왔는데 샌드위치 잘하는 코스요리 어디니,restaurant
북문 좋은 쫄면 먹고싶어 배고파,restaurant
쪽문 좋은 쫄면 먹고싶어 배고파,restaurant
학교 좋은 쫄면 먹고싶어 배고파,restaurant
북문 근처 좋은 쫄면 먹고싶어 배고파,restaurant
쪽문 근처 좋은 쫄면 먹고싶어 배고파,restaurant
학교 근처 좋은 쫄면 먹고싶어 배고파,restaurant
북문 근처에 좋은 쫄면 먹고싶어 배고파,restaurant
쪽문 근처에 좋은 쫄면 먹고싶어 배고파,restaurant
학교 근처 좋은 쫄면 먹고싶어 배고파,restaurant
북문 주변 좋은 쫄면 먹고싶어 배고파,restaurant
쪽문 주변 좋은 쫄면 먹고싶어 배고파,restaurant
학교 주변 좋은 쫄면 먹고싶어 배고파,restaurant
북문 주변에 좋은 쫄면 먹고싶어 배고파,restaurant
쪽문 주변에 좋은 쫄면 먹고싶어 배고파,restaurant
학교 주변에 좋은 쫄면 먹고싶어 배고파,restaurant
북문 왔는데 좋은 쫄면 먹고싶어 배고파,restaurant
쪽문 왔는데 좋은 쫄면 먹고싶어 배고파,restaurant
학교 왔는데 좋은 쫄면 먹고싶어 배고파,restaurant
북문 주위에 좋은 쫄면 먹고싶어 배고파,restaurant
쪽문 주위에 좋은 쫄면 먹고싶어 배고파,restaurant
학교 주위에 좋은 쫄면 먹고싶어 배고파,restaurant
오늘 북문 왔는데 좋은 쫄면 먹고싶어 배고파,restaurant
오늘 쪽문 왔는데 좋은 쫄면 먹고싶어 배고파,restaurant
오늘 학교 왔는데 좋은 쫄면 먹고싶어 배고파,restaurant
오랜만에 북문 왔는데 좋은 쫄면 먹고싶어 배고파,restaurant
오랜만에 쪽문 왔는데 좋은 쫄면 먹고싶어 배고파,restaurant
오랜만에 학교 왔는데 좋은 쫄면 먹고싶어 배고파,restaurant
북문 좋은 꽃게탕 식당 어디니,restaurant
쪽문 좋은 꽃게탕 식당 어디니,restaurant
학교 좋은 꽃게탕 식당 어디니,restaurant
북문 근처 좋은 꽃게탕 식당 어디니,restaurant
쪽문 근처 좋은 꽃게탕 식당 어디니,restaurant
학교 근처 좋은 꽃게탕 식당 어디니,restaurant
북문 근처에 좋은 꽃게탕 식당 어디니,restaurant
쪽문 근처에 좋은 꽃게탕 식당 어디니,restaurant
학교 근처 좋은 꽃게탕 식당 어디니,restaurant
북문 주변 좋은 꽃게탕 식당 어디니,restaurant
쪽문 주변 좋은 꽃게탕 식당 어디니,restaurant
학교 주변 좋은 꽃게탕 식당 어디니,restaurant
북문 주변에 좋은 꽃게탕 식당 어디니,restaurant
쪽문 주변에 좋은 꽃게탕 식당 어디니,restaurant
학교 주변에 좋은 꽃게탕 식당 어디니,restaurant
북문 왔는데 좋은 꽃게탕 식당 어디니,restaurant
쪽문 왔는데 좋은 꽃게탕 식당 어디니,restaurant
학교 왔는데 좋은 꽃게탕 식당 어디니,restaurant
북문 주위에 좋은 꽃게탕 식당 어디니,restaurant
쪽문 주위에 좋은 꽃게탕 식당 어디니,restaurant
학교 주위에 좋은 꽃게탕 식당 어디니,restaurant
오늘 북문 왔는데 좋은 꽃게탕 식당 어디니,restaurant
오늘 쪽문 왔는데 좋은 꽃게탕 식당 어디니,restaurant
오늘 학교 왔는데 좋은 꽃게탕 식당 어디니,restaurant
오랜만에 북문 왔는데 좋은 꽃게탕 식당 어디니,restaurant
오랜만에 쪽문 왔는데 좋은 꽃게탕 식당 어디니,restaurant
오랜만에 학교 왔는데 좋은 꽃게탕 식당 어디니,restaurant
북문 맛좋은 타코야끼 먹고싶어 배고파,restaurant
쪽문 맛좋은 타코야끼 먹고싶어 배고파,restaurant
학교 맛좋은 타코야끼 먹고싶어 배고파,restaurant
북문 근처 맛좋은 타코야끼 먹고싶어 배고파,restaurant
쪽문 근처 맛좋은 타코야끼 먹고싶어 배고파,restaurant
학교 근처 맛좋은 타코야끼 먹고싶어 배고파,restaurant
북문 근처에 맛좋은 타코야끼 먹고싶어 배고파,restaurant
쪽문 근처에 맛좋은 타코야끼 먹고싶어 배고파,restaurant
학교 근처 맛좋은 타코야끼 먹고싶어 배고파,restaurant
북문 주변 맛좋은 타코야끼 먹고싶어 배고파,restaurant
쪽문 주변 맛좋은 타코야끼 먹고싶어 배고파,restaurant
학교 주변 맛좋은 타코야끼 먹고싶어 배고파,restaurant
북문 주변에 맛좋은 타코야끼 먹고싶어 배고파,restaurant
쪽문 주변에 맛좋은 타코야끼 먹고싶어 배고파,restaurant
학교 주변에 맛좋은 타코야끼 먹고싶어 배고파,restaurant
북문 왔는데 맛좋은 타코야끼 먹고싶어 배고파,restaurant
쪽문 왔는데 맛좋은 타코야끼 먹고싶어 배고파,restaurant
학교 왔는데 맛좋은 타코야끼 먹고싶어 배고파,restaurant
북문 주위에 맛좋은 타코야끼 먹고싶어 배고파,restaurant
쪽문 주위에 맛좋은 타코야끼 먹고싶어 배고파,restaurant
학교 주위에 맛좋은 타코야끼 먹고싶어 배고파,restaurant
오늘 북문 왔는데 맛좋은 타코야끼 먹고싶어 배고파,restaurant
오늘 쪽문 왔는데 맛좋은 타코야끼 먹고싶어 배고파,restaurant
오늘 학교 왔는데 맛좋은 타코야끼 먹고싶어 배고파,restaurant
오랜만에 북문 왔는데 맛좋은 타코야끼 먹고싶어 배고파,restaurant
오랜만에 쪽문 왔는데 맛좋은 타코야끼 먹고싶어 배고파,restaurant
오랜만에 학교 왔는데 맛좋은 타코야끼 먹고싶어 배고파,restaurant
북문 맛좋은 샌드위치 잘하는 식당 어디니,restaurant
쪽문 맛좋은 샌드위치 잘하는 식당 어디니,restaurant
학교 맛좋은 샌드위치 잘하는 식당 어디니,restaurant
북문 근처 맛좋은 샌드위치 잘하는 식당 어디니,restaurant
쪽문 근처 맛좋은 샌드위치 잘하는 식당 어디니,restaurant
학교 근처 맛좋은 샌드위치 잘하는 식당 어디니,restaurant
북문 근처에 맛좋은 샌드위치 잘하는 식당 어디니,restaurant
쪽문 근처에 맛좋은 샌드위치 잘하는 식당 어디니,restaurant
학교 근처 맛좋은 샌드위치 잘하는 식당 어디니,restaurant
북문 주변 맛좋은 샌드위치 잘하는 식당 어디니,restaurant
쪽문 주변 맛좋은 샌드위치 잘하는 식당 어디니,restaurant
학교 주변 맛좋은 샌드위치 잘하는 식당 어디니,restaurant
북문 주변에 맛좋은 샌드위치 잘하는 식당 어디니,restaurant
쪽문 주변에 맛좋은 샌드위치 잘하는 식당 어디니,restaurant
학교 주변에 맛좋은 샌드위치 잘하는 식당 어디니,restaurant
북문 왔는데 맛좋은 샌드위치 잘하는 식당 어디니,restaurant
쪽문 왔는데 맛좋은 샌드위치 잘하는 식당 어디니,restaurant
학교 왔는데 맛좋은 샌드위치 잘하는 식당 어디니,restaurant
북문 주위에 맛좋은 샌드위치 잘하는 식당 어디니,restaurant
쪽문 주위에 맛좋은 샌드위치 잘하는 식당 어디니,restaurant
학교 주위에 맛좋은 샌드위치 잘하는 식당 어디니,restaurant
오늘 북문 왔는데 맛좋은 샌드위치 잘하는 식당 어디니,restaurant
오늘 쪽문 왔는데 맛좋은 샌드위치 잘하는 식당 어디니,restaurant
오늘 학교 왔는데 맛좋은 샌드위치 잘하는 식당 어디니,restaurant
오랜만에 북문 왔는데 맛좋은 샌드위치 잘하는 식당 어디니,restaurant
오랜만에 쪽문 왔는데 맛좋은 샌드위치 잘하는 식당 어디니,restaurant
오랜만에 학교 왔는데 맛좋은 샌드위치 잘하는 식당 어디니,restaurant
북문 족발 주변 있니,restaurant
쪽문 족발 주변 있니,restaurant
학교 족발 주변 있니,restaurant
북문 근처 족발 주변 있니,restaurant
쪽문 근처 족발 주변 있니,restaurant
학교 근처 족발 주변 있니,restaurant
북문 근처에 족발 주변 있니,restaurant
쪽문 근처에 족발 주변 있니,restaurant
학교 근처 족발 주변 있니,restaurant
북문 주변 족발 주변 있니,restaurant
쪽문 주변 족발 주변 있니,restaurant
학교 주변 족발 주변 있니,restaurant
북문 주변에 족발 주변 있니,restaurant
쪽문 주변에 족발 주변 있니,restaurant
학교 주변에 족발 주변 있니,restaurant
북문 왔는데 족발 주변 있니,restaurant
쪽문 왔는데 족발 주변 있니,restaurant
학교 왔는데 족발 주변 있니,restaurant
북문 주위에 족발 주변 있니,restaurant
쪽문 주위에 족발 주변 있니,restaurant
학교 주위에 족발 주변 있니,restaurant
오늘 북문 왔는데 족발 주변 있니,restaurant
오늘 쪽문 왔는데 족발 주변 있니,restaurant
오늘 학교 왔는데 족발 주변 있니,restaurant
오랜만에 북문 왔는데 족발 주변 있니,restaurant
오랜만에 쪽문 왔는데 족발 주변 있니,restaurant
오랜만에 학교 왔는데 족발 주변 있니,restaurant
북문 분식집 잘 하는 곳 어디,restaurant
쪽문 분식집 잘 하는 곳 어디,restaurant
학교 분식집 잘 하는 곳 어디,restaurant
북문 근처 분식집 잘 하는 곳 어디,restaurant
쪽문 근처 분식집 잘 하는 곳 어디,restaurant
학교 근처 분식집 잘 하는 곳 어디,restaurant
북문 근처에 분식집 잘 하는 곳 어디,restaurant
쪽문 근처에 분식집 잘 하는 곳 어디,restaurant
학교 근처 분식집 잘 하는 곳 어디,restaurant
북문 주변 분식집 잘 하는 곳 어디,restaurant
쪽문 주변 분식집 잘 하는 곳 어디,restaurant
학교 주변 분식집 잘 하는 곳 어디,restaurant
북문 주변에 분식집 잘 하는 곳 어디,restaurant
쪽문 주변에 분식집 잘 하는 곳 어디,restaurant
학교 주변에 분식집 잘 하는 곳 어디,restaurant
북문 왔는데 분식집 잘 하는 곳 어디,restaurant
쪽문 왔는데 분식집 잘 하는 곳 어디,restaurant
학교 왔는데 분식집 잘 하는 곳 어디,restaurant
북문 주위에 분식집 잘 하는 곳 어디,restaurant
쪽문 주위에 분식집 잘 하는 곳 어디,restaurant
학교 주위에 분식집 잘 하는 곳 어디,restaurant
오늘 북문 왔는데 분식집 잘 하는 곳 어디,restaurant
오늘 쪽문 왔는데 분식집 잘 하는 곳 어디,restaurant
오늘 학교 왔는데 분식집 잘 하는 곳 어디,restaurant
오랜만에 북문 왔는데 분식집 잘 하는 곳 어디,restaurant
오랜만에 쪽문 왔는데 분식집 잘 하는 곳 어디,restaurant
오랜만에 학교 왔는데 분식집 잘 하는 곳 어디,restaurant
북문 괜찮은 베트남 음식점 어디,restaurant
쪽문 괜찮은 베트남 음식점 어디,restaurant
학교 괜찮은 베트남 음식점 어디,restaurant
북문 근처 괜찮은 베트남 음식점 어디,restaurant
쪽문 근처 괜찮은 베트남 음식점 어디,restaurant
학교 근처 괜찮은 베트남 음식점 어디,restaurant
북문 근처에 괜찮은 베트남 음식점 어디,restaurant
쪽문 근처에 괜찮은 베트남 음식점 어디,restaurant
학교 근처 괜찮은 베트남 음식점 어디,restaurant
북문 주변 괜찮은 베트남 음식점 어디,restaurant
쪽문 주변 괜찮은 베트남 음식점 어디,restaurant
학교 주변 괜찮은 베트남 음식점 어디,restaurant
북문 주변에 괜찮은 베트남 음식점 어디,restaurant
쪽문 주변에 괜찮은 베트남 음식점 어디,restaurant
학교 주변에 괜찮은 베트남 음식점 어디,restaurant
북문 왔는데 괜찮은 베트남 음식점 어디,restaurant
쪽문 왔는데 괜찮은 베트남 음식점 어디,restaurant
학교 왔는데 괜찮은 베트남 음식점 어디,restaurant
북문 주위에 괜찮은 베트남 음식점 어디,restaurant
쪽문 주위에 괜찮은 베트남 음식점 어디,restaurant
학교 주위에 괜찮은 베트남 음식점 어디,restaurant
오늘 북문 왔는데 괜찮은 베트남 음식점 어디,restaurant
오늘 쪽문 왔는데 괜찮은 베트남 음식점 어디,restaurant
오늘 학교 왔는데 괜찮은 베트남 음식점 어디,restaurant
오랜만에 북문 왔는데 괜찮은 베트남 음식점 어디,restaurant
오랜만에 쪽문 왔는데 괜찮은 베트남 음식점 어디,restaurant
오랜만에 학교 왔는데 괜찮은 베트남 음식점 어디,restaurant
북문 맛있는 베트남 음식점 어디,restaurant
쪽문 맛있는 베트남 음식점 어디,restaurant
학교 맛있는 베트남 음식점 어디,restaurant
북문 근처 맛있는 베트남 음식점 어디,restaurant
쪽문 근처 맛있는 베트남 음식점 어디,restaurant
학교 근처 맛있는 베트남 음식점 어디,restaurant
북문 근처에 맛있는 베트남 음식점 어디,restaurant
쪽문 근처에 맛있는 베트남 음식점 어디,restaurant
학교 근처 맛있는 베트남 음식점 어디,restaurant
북문 주변 맛있는 베트남 음식점 어디,restaurant
쪽문 주변 맛있는 베트남 음식점 어디,restaurant
학교 주변 맛있는 베트남 음식점 어디,restaurant
북문 주변에 맛있는 베트남 음식점 어디,restaurant
쪽문 주변에 맛있는 베트남 음식점 어디,restaurant
학교 주변에 맛있는 베트남 음식점 어디,restaurant
북문 왔는데 맛있는 베트남 음식점 어디,restaurant
쪽문 왔는데 맛있는 베트남 음식점 어디,restaurant
학교 왔는데 맛있는 베트남 음식점 어디,restaurant
북문 주위에 맛있는 베트남 음식점 어디,restaurant
쪽문 주위에 맛있는 베트남 음식점 어디,restaurant
학교 주위에 맛있는 베트남 음식점 어디,restaurant
오늘 북문 왔는데 맛있는 베트남 음식점 어디,restaurant
오늘 쪽문 왔는데 맛있는 베트남 음식점 어디,restaurant
오늘 학교 왔는데 맛있는 베트남 음식점 어디,restaurant
오랜만에 북문 왔는데 맛있는 베트남 음식점 어디,restaurant
오랜만에 쪽문 왔는데 맛있는 베트남 음식점 어디,restaurant
오랜만에 학교 왔는데 맛있는 베트남 음식점 어디,restaurant
북문 괜찮은 마카롱 먹고싶어 배고파,restaurant
쪽문 괜찮은 마카롱 먹고싶어 배고파,restaurant
학교 괜찮은 마카롱 먹고싶어 배고파,restaurant
북문 근처 괜찮은 마카롱 먹고싶어 배고파,restaurant
쪽문 근처 괜찮은 마카롱 먹고싶어 배고파,restaurant
학교 근처 괜찮은 마카롱 먹고싶어 배고파,restaurant
북문 근처에 괜찮은 마카롱 먹고싶어 배고파,restaurant
쪽문 근처에 괜찮은 마카롱 먹고싶어 배고파,restaurant
학교 근처 괜찮은 마카롱 먹고싶어 배고파,restaurant
북문 주변 괜찮은 마카롱 먹고싶어 배고파,restaurant
쪽문 주변 괜찮은 마카롱 먹고싶어 배고파,restaurant
학교 주변 괜찮은 마카롱 먹고싶어 배고파,restaurant
북문 주변에 괜찮은 마카롱 먹고싶어 배고파,restaurant
쪽문 주변에 괜찮은 마카롱 먹고싶어 배고파,restaurant
학교 주변에 괜찮은 마카롱 먹고싶어 배고파,restaurant
북문 왔는데 괜찮은 마카롱 먹고싶어 배고파,restaurant
쪽문 왔는데 괜찮은 마카롱 먹고싶어 배고파,restaurant
학교 왔는데 괜찮은 마카롱 먹고싶어 배고파,restaurant
북문 주위에 괜찮은 마카롱 먹고싶어 배고파,restaurant
쪽문 주위에 괜찮은 마카롱 먹고싶어 배고파,restaurant
학교 주위에 괜찮은 마카롱 먹고싶어 배고파,restaurant
오늘 북문 왔는데 괜찮은 마카롱 먹고싶어 배고파,restaurant
오늘 쪽문 왔는데 괜찮은 마카롱 먹고싶어 배고파,restaurant
오늘 학교 왔는데 괜찮은 마카롱 먹고싶어 배고파,restaurant
오랜만에 북문 왔는데 괜찮은 마카롱 먹고싶어 배고파,restaurant
오랜만에 쪽문 왔는데 괜찮은 마카롱 먹고싶어 배고파,restaurant
오랜만에 학교 왔는데 괜찮은 마카롱 먹고싶어 배고파,restaurant
북문 괜찮은 달달한 브런치 카페 추천 좀,restaurant
쪽문 괜찮은 달달한 브런치 카페 추천 좀,restaurant
학교 괜찮은 달달한 브런치 카페 추천 좀,restaurant
북문 근처 괜찮은 달달한 브런치 카페 추천 좀,restaurant
쪽문 근처 괜찮은 달달한 브런치 카페 추천 좀,restaurant
학교 근처 괜찮은 달달한 브런치 카페 추천 좀,restaurant
북문 근처에 괜찮은 달달한 브런치 카페 추천 좀,restaurant
쪽문 근처에 괜찮은 달달한 브런치 카페 추천 좀,restaurant
학교 근처 괜찮은 달달한 브런치 카페 추천 좀,restaurant
북문 주변 괜찮은 달달한 브런치 카페 추천 좀,restaurant
쪽문 주변 괜찮은 달달한 브런치 카페 추천 좀,restaurant
학교 주변 괜찮은 달달한 브런치 카페 추천 좀,restaurant
북문 주변에 괜찮은 달달한 브런치 카페 추천 좀,restaurant
쪽문 주변에 괜찮은 달달한 브런치 카페 추천 좀,restaurant
학교 주변에 괜찮은 달달한 브런치 카페 추천 좀,restaurant
북문 왔는데 괜찮은 달달한 브런치 카페 추천 좀,restaurant
쪽문 왔는데 괜찮은 달달한 브런치 카페 추천 좀,restaurant
학교 왔는데 괜찮은 달달한 브런치 카페 추천 좀,restaurant
북문 주위에 괜찮은 달달한 브런치 카페 추천 좀,restaurant
쪽문 주위에 괜찮은 달달한 브런치 카페 추천 좀,restaurant
학교 주위에 괜찮은 달달한 브런치 카페 추천 좀,restaurant
오늘 북문 왔는데 괜찮은 달달한 브런치 카페 추천 좀,restaurant
오늘 쪽문 왔는데 괜찮은 달달한 브런치 카페 추천 좀,restaurant
오늘 학교 왔는데 괜찮은 달달한 브런치 카페 추천 좀,restaurant
오랜만에 북문 왔는데 괜찮은 달달한 브런치 카페 추천 좀,restaurant
오랜만에 쪽문 왔는데 괜찮은 달달한 브런치 카페 추천 좀,restaurant
오랜만에 학교 왔는데 괜찮은 달달한 브런치 카페 추천 좀,restaurant
